Handle,Title,Body (HTML),Vendor,Type,Tags,Published,Option1 Name,Option1 Value,Variant SKU,Variant Inventory Tracker,Variant Inventory Qty,Variant Inventory Policy,Variant Fulfillment Service,Variant Price,Variant Requires Shipping,Variant Taxable,Image Src,Image Position,Image Alt Text,Status
sinn-chronograph-vollkalender-38mm-weiss-77990-automatik-p2162,Sinn Chronograph Vollkalender 38mm Weiß 77990 Automatik,"<p>Hier präsentieren wir die Sinn Chronograph Vollkalender. Unsere Bilder sind unbearbeitet und zeigen jedes Detail – mehr, als das bloße Auge wahrnimmt.</p><table><tr><th align=""left"" style=""padding:4px 18px 4px 0"">Interner Code</th><td>HV-2162</td></tr><tr><th align=""left"" style=""padding:4px 18px 4px 0"">Referenz</th><td>A-90358</td></tr><tr><th align=""left"" style=""padding:4px 18px 4px 0"">Durchmesser</th><td>38 mm</td></tr><tr><th align=""left"" style=""padding:4px 18px 4px 0"">Gehäuse</th><td>Edelstahl (Vergoldet)</td></tr><tr><th align=""left"" style=""padding:4px 18px 4px 0"">Zifferblatt</th><td>Weiß</td></tr><tr><th align=""left"" style=""padding:4px 18px 4px 0"">Band</th><td>Leder (Aftermarket von Kaufmann)</td></tr><tr><th align=""left"" style=""padding:4px 18px 4px 0"">Werk</th><td>Automatik</td></tr><tr><th align=""left"" style=""padding:4px 18px 4px 0"">Lieferumfang</th><td>Echtheitszertifikat</td></tr><tr><th align=""left"" style=""padding:4px 18px 4px 0"">Zustand</th><td>Gut</td></tr></table><p>Jede Uhr wird vor dem Verkauf geprüft. 12 Monate Garantie auf das Werk, 14 Tage Rückgaberecht. Versand: Deutschland kostenfrei, Europa 79 €, weltweit 150 € — oder persönliche Übergabe in unserem Showroom in Frankfurt.</p><p><strong>Bei Zahlung per Überweisung bitte als Verwendungszweck angeben: HV-2162</strong></p>",Sinn,Armbanduhr,"Sinn, A-90358, Gut",TRUE,Titel,Einzelstück,HV-P2162,shopify,1,deny,manual,2190,TRUE,TRUE,https://hahn-vo-df1c.vercel.app/assets/products/p2162/0.jpg,1,Sinn Chronograph Vollkalender 38mm Weiß 77990 Automatik,active
sinn-chronograph-vollkalender-38mm-weiss-77990-automatik-p2162,,,,,,,,,,,,,,,,,https://hahn-vo-df1c.vercel.app/assets/products/p2162/1.jpg,2,Sinn Chronograph Vollkalender 38mm Weiß 77990 Automatik,
sinn-chronograph-vollkalender-38mm-weiss-77990-automatik-p2162,,,,,,,,,,,,,,,,,https://hahn-vo-df1c.vercel.app/assets/products/p2162/2.jpg,3,Sinn Chronograph Vollkalender 38mm Weiß 77990 Automatik,
sinn-chronograph-vollkalender-38mm-weiss-77990-automatik-p2162,,,,,,,,,,,,,,,,,https://hahn-vo-df1c.vercel.app/assets/products/p2162/3.jpg,4,Sinn Chronograph Vollkalender 38mm Weiß 77990 Automatik,
sinn-chronograph-vollkalender-38mm-weiss-77990-automatik-p2162,,,,,,,,,,,,,,,,,https://hahn-vo-df1c.vercel.app/assets/products/p2162/4.jpg,5,Sinn Chronograph Vollkalender 38mm Weiß 77990 Automatik,
sinn-chronograph-vollkalender-38mm-weiss-77990-automatik-p2162,,,,,,,,,,,,,,,,,https://hahn-vo-df1c.vercel.app/assets/products/p2162/5.jpg,6,Sinn Chronograph Vollkalender 38mm Weiß 77990 Automatik,
tudor-black-bay-bucherer-blue-automatik-only-watch-p5069,Tudor Black Bay Bucherer Blue Automatik only watch,"<p>Hier präsentieren wir die Tudor Black Bay Bucherer Blue Ref. 79250BB. Eine seltene Sonderedition, die exklusiv für Bucherer gefertigt wurde. Besonders charakteristisch sind das markante blaue Zifferblatt und die blaue Lünette. Unsere Bilder sind unbearbeitet und zeigen jedes Detail – mehr, als das bloße Auge wahrnimmt.</p><table><tr><th align=""left"" style=""padding:4px 18px 4px 0"">Interner Code</th><td>HV-5069</td></tr><tr><th align=""left"" style=""padding:4px 18px 4px 0"">Referenz</th><td>79250BB</td></tr><tr><th align=""left"" style=""padding:4px 18px 4px 0"">Durchmesser</th><td>43 mm</td></tr><tr><th align=""left"" style=""padding:4px 18px 4px 0"">Gehäuse</th><td>Bronze</td></tr><tr><th align=""left"" style=""padding:4px 18px 4px 0"">Zifferblatt</th><td>Blau</td></tr><tr><th align=""left"" style=""padding:4px 18px 4px 0"">Band</th><td>Textil</td></tr><tr><th align=""left"" style=""padding:4px 18px 4px 0"">Werk</th><td>Automatik (Manufakturwerk)</td></tr><tr><th align=""left"" style=""padding:4px 18px 4px 0"">Zustand</th><td>Sehr gut</td></tr></table><p>Jede Uhr wird vor dem Verkauf geprüft. 12 Monate Garantie auf das Werk, 14 Tage Rückgaberecht. Versand: Deutschland kostenfrei, Europa 79 €, weltweit 150 € — oder persönliche Übergabe in unserem Showroom in Frankfurt.</p><p><strong>Bei Zahlung per Überweisung bitte als Verwendungszweck angeben: HV-5069</strong></p>",Tudor,Armbanduhr,"Tudor, 79250BB, Sehr gut",TRUE,Titel,Einzelstück,HV-P5069,shopify,1,deny,manual,2790,TRUE,TRUE,https://hahn-vo-df1c.vercel.app/assets/products/p5069/0.jpg,1,Tudor Black Bay Bucherer Blue Automatik only watch,active
tudor-black-bay-bucherer-blue-automatik-only-watch-p5069,,,,,,,,,,,,,,,,,https://hahn-vo-df1c.vercel.app/assets/products/p5069/1.jpg,2,Tudor Black Bay Bucherer Blue Automatik only watch,
tudor-black-bay-bucherer-blue-automatik-only-watch-p5069,,,,,,,,,,,,,,,,,https://hahn-vo-df1c.vercel.app/assets/products/p5069/2.jpg,3,Tudor Black Bay Bucherer Blue Automatik only watch,
tudor-black-bay-bucherer-blue-automatik-only-watch-p5069,,,,,,,,,,,,,,,,,https://hahn-vo-df1c.vercel.app/assets/products/p5069/3.jpg,4,Tudor Black Bay Bucherer Blue Automatik only watch,
tudor-black-bay-bucherer-blue-automatik-only-watch-p5069,,,,,,,,,,,,,,,,,https://hahn-vo-df1c.vercel.app/assets/products/p5069/4.jpg,5,Tudor Black Bay Bucherer Blue Automatik only watch,
tudor-black-bay-bucherer-blue-automatik-only-watch-p5069,,,,,,,,,,,,,,,,,https://hahn-vo-df1c.vercel.app/assets/products/p5069/5.jpg,6,Tudor Black Bay Bucherer Blue Automatik only watch,
rolex-datejust-36-seltenes-zifferblatt-mit-diamanten-p4846,Rolex Datejust 36 seltenes Zifferblatt mit Diamanten,"<p>Hier präsentieren wir die Rolex Datejust 36 aus dem Jahr 2014 im Full Set. Die Rolex verfügt über ein besonderes Jubilee dial mit diamantbesetzten Ziffern bei 6 und 9. Unsere Bilder sind unbearbeitet und zeigen jedes Detail – mehr, als das bloße Auge wahrnimmt.</p><table><tr><th align=""left"" style=""padding:4px 18px 4px 0"">Interner Code</th><td>HV-4846</td></tr><tr><th align=""left"" style=""padding:4px 18px 4px 0"">Referenz</th><td>116234</td></tr><tr><th align=""left"" style=""padding:4px 18px 4px 0"">Baujahr</th><td>2014</td></tr><tr><th align=""left"" style=""padding:4px 18px 4px 0"">Durchmesser</th><td>36 mm</td></tr><tr><th align=""left"" style=""padding:4px 18px 4px 0"">Gehäuse</th><td>Edelstahl</td></tr><tr><th align=""left"" style=""padding:4px 18px 4px 0"">Zifferblatt</th><td>Silber</td></tr><tr><th align=""left"" style=""padding:4px 18px 4px 0"">Band</th><td>Edelstahl</td></tr><tr><th align=""left"" style=""padding:4px 18px 4px 0"">Werk</th><td>Rolex 3135</td></tr><tr><th align=""left"" style=""padding:4px 18px 4px 0"">Lieferumfang</th><td>Full Set, Papiere, Box, Echtheitszertifikat</td></tr><tr><th align=""left"" style=""padding:4px 18px 4px 0"">Zustand</th><td>Gut</td></tr></table><p>Jede Uhr wird vor dem Verkauf geprüft. 12 Monate Garantie auf das Werk, 14 Tage Rückgaberecht. Versand: Deutschland kostenfrei, Europa 79 €, weltweit 150 € — oder persönliche Übergabe in unserem Showroom in Frankfurt.</p><p><strong>Bei Zahlung per Überweisung bitte als Verwendungszweck angeben: HV-4846</strong></p>",Rolex,Armbanduhr,"Rolex, 116234, 2014, Gut, Full Set",TRUE,Titel,Einzelstück,HV-P4846,shopify,1,deny,manual,7990,TRUE,TRUE,https://hahn-vo-df1c.vercel.app/assets/products/p4846/0.jpg,1,Rolex Datejust 36 seltenes Zifferblatt mit Diamanten,active
rolex-datejust-36-seltenes-zifferblatt-mit-diamanten-p4846,,,,,,,,,,,,,,,,,https://hahn-vo-df1c.vercel.app/assets/products/p4846/1.jpg,2,Rolex Datejust 36 seltenes Zifferblatt mit Diamanten,
rolex-datejust-36-seltenes-zifferblatt-mit-diamanten-p4846,,,,,,,,,,,,,,,,,https://hahn-vo-df1c.vercel.app/assets/products/p4846/2.jpg,3,Rolex Datejust 36 seltenes Zifferblatt mit Diamanten,
rolex-datejust-36-seltenes-zifferblatt-mit-diamanten-p4846,,,,,,,,,,,,,,,,,https://hahn-vo-df1c.vercel.app/assets/products/p4846/3.jpg,4,Rolex Datejust 36 seltenes Zifferblatt mit Diamanten,
rolex-datejust-36-seltenes-zifferblatt-mit-diamanten-p4846,,,,,,,,,,,,,,,,,https://hahn-vo-df1c.vercel.app/assets/products/p4846/4.jpg,5,Rolex Datejust 36 seltenes Zifferblatt mit Diamanten,
rolex-datejust-36-seltenes-zifferblatt-mit-diamanten-p4846,,,,,,,,,,,,,,,,,https://hahn-vo-df1c.vercel.app/assets/products/p4846/5.jpg,6,Rolex Datejust 36 seltenes Zifferblatt mit Diamanten,
patek-philippe-twenty-4-grau-damenuhr-p4808,Patek Philippe Twenty~4 Grau Damenuhr,"<p>Hier präsentieren wir die Patek Philippe Twenty~4 aus dem Jahr 2010 mit Original Zetifikat & Reisebox. Unsere Bilder sind unbearbeitet und zeigen jedes Detail – mehr, als das bloße Auge wahrnimmt.</p><table><tr><th align=""left"" style=""padding:4px 18px 4px 0"">Interner Code</th><td>HV-4808</td></tr><tr><th align=""left"" style=""padding:4px 18px 4px 0"">Referenz</th><td>4910/10A</td></tr><tr><th align=""left"" style=""padding:4px 18px 4px 0"">Baujahr</th><td>2010</td></tr><tr><th align=""left"" style=""padding:4px 18px 4px 0"">Durchmesser</th><td>25,1 x 30 mm</td></tr><tr><th align=""left"" style=""padding:4px 18px 4px 0"">Gehäuse</th><td>Edelstahl</td></tr><tr><th align=""left"" style=""padding:4px 18px 4px 0"">Zifferblatt</th><td>Grau</td></tr><tr><th align=""left"" style=""padding:4px 18px 4px 0"">Band</th><td>Edelstahl</td></tr><tr><th align=""left"" style=""padding:4px 18px 4px 0"">Werk</th><td>Quarz E15</td></tr><tr><th align=""left"" style=""padding:4px 18px 4px 0"">Lieferumfang</th><td>Echtheitszertifikat</td></tr><tr><th align=""left"" style=""padding:4px 18px 4px 0"">Zustand</th><td>Gut</td></tr></table><p>Jede Uhr wird vor dem Verkauf geprüft. 12 Monate Garantie auf das Werk, 14 Tage Rückgaberecht. Versand: Deutschland kostenfrei, Europa 79 €, weltweit 150 € — oder persönliche Übergabe in unserem Showroom in Frankfurt.</p><p><strong>Bei Zahlung per Überweisung bitte als Verwendungszweck angeben: HV-4808</strong></p>",Patek Philippe,Armbanduhr,"Patek Philippe, 4910/10A, 2010, Gut",TRUE,Titel,Einzelstück,HV-P4808,shopify,1,deny,manual,8990,TRUE,TRUE,https://hahn-vo-df1c.vercel.app/assets/products/p4808/0.jpg,1,Patek Philippe Twenty~4 Grau Damenuhr,active
patek-philippe-twenty-4-grau-damenuhr-p4808,,,,,,,,,,,,,,,,,https://hahn-vo-df1c.vercel.app/assets/products/p4808/1.jpg,2,Patek Philippe Twenty~4 Grau Damenuhr,
patek-philippe-twenty-4-grau-damenuhr-p4808,,,,,,,,,,,,,,,,,https://hahn-vo-df1c.vercel.app/assets/products/p4808/2.jpg,3,Patek Philippe Twenty~4 Grau Damenuhr,
patek-philippe-twenty-4-grau-damenuhr-p4808,,,,,,,,,,,,,,,,,https://hahn-vo-df1c.vercel.app/assets/products/p4808/3.jpg,4,Patek Philippe Twenty~4 Grau Damenuhr,
patek-philippe-twenty-4-grau-damenuhr-p4808,,,,,,,,,,,,,,,,,https://hahn-vo-df1c.vercel.app/assets/products/p4808/4.jpg,5,Patek Philippe Twenty~4 Grau Damenuhr,
patek-philippe-twenty-4-grau-damenuhr-p4808,,,,,,,,,,,,,,,,,https://hahn-vo-df1c.vercel.app/assets/products/p4808/5.jpg,6,Patek Philippe Twenty~4 Grau Damenuhr,
iwc-schaffhausen-portofino-automatic-40-zifferblatt-silber-p3771,IWC Schaffhausen Portofino Automatic 40 Zifferblatt silber,"<p>Hier präsentieren wir die IWC Portofino Automatic 40 (only watch), jedoch mit Garantie bei IWC bis zum Jahr 07/2029. Unsere Bilder sind unbearbeitet und zeigen jedes Detail – mehr, als das bloße Auge wahrnimmt.</p><table><tr><th align=""left"" style=""padding:4px 18px 4px 0"">Interner Code</th><td>HV-3771</td></tr><tr><th align=""left"" style=""padding:4px 18px 4px 0"">Baujahr</th><td>2021 (Garantie bei IWC bis 2029)</td></tr><tr><th align=""left"" style=""padding:4px 18px 4px 0"">Durchmesser</th><td>40 mm</td></tr><tr><th align=""left"" style=""padding:4px 18px 4px 0"">Gehäuse</th><td>Edelstahl</td></tr><tr><th align=""left"" style=""padding:4px 18px 4px 0"">Zifferblatt</th><td>Silber</td></tr><tr><th align=""left"" style=""padding:4px 18px 4px 0"">Band</th><td>Leder</td></tr><tr><th align=""left"" style=""padding:4px 18px 4px 0"">Werk</th><td>Automatik</td></tr><tr><th align=""left"" style=""padding:4px 18px 4px 0"">Zustand</th><td>Sehr gut </td></tr></table><p>Jede Uhr wird vor dem Verkauf geprüft. 12 Monate Garantie auf das Werk, 14 Tage Rückgaberecht. Versand: Deutschland kostenfrei, Europa 79 €, weltweit 150 € — oder persönliche Übergabe in unserem Showroom in Frankfurt.</p><p><strong>Bei Zahlung per Überweisung bitte als Verwendungszweck angeben: HV-3771</strong></p>",IWC,Armbanduhr,"IWC, 2021 (Garantie bei IWC bis 2029), Sehr gut ",TRUE,Titel,Einzelstück,HV-P3771,shopify,1,deny,manual,2990,TRUE,TRUE,https://hahn-vo-df1c.vercel.app/assets/products/p3771/0.jpg,1,IWC Schaffhausen Portofino Automatic 40 Zifferblatt silber,active
iwc-schaffhausen-portofino-automatic-40-zifferblatt-silber-p3771,,,,,,,,,,,,,,,,,https://hahn-vo-df1c.vercel.app/assets/products/p3771/1.jpg,2,IWC Schaffhausen Portofino Automatic 40 Zifferblatt silber,
iwc-schaffhausen-portofino-automatic-40-zifferblatt-silber-p3771,,,,,,,,,,,,,,,,,https://hahn-vo-df1c.vercel.app/assets/products/p3771/2.jpg,3,IWC Schaffhausen Portofino Automatic 40 Zifferblatt silber,
iwc-schaffhausen-portofino-automatic-40-zifferblatt-silber-p3771,,,,,,,,,,,,,,,,,https://hahn-vo-df1c.vercel.app/assets/products/p3771/3.jpg,4,IWC Schaffhausen Portofino Automatic 40 Zifferblatt silber,
iwc-schaffhausen-portofino-automatic-40-zifferblatt-silber-p3771,,,,,,,,,,,,,,,,,https://hahn-vo-df1c.vercel.app/assets/products/p3771/4.jpg,5,IWC Schaffhausen Portofino Automatic 40 Zifferblatt silber,
iwc-schaffhausen-portofino-automatic-40-zifferblatt-silber-p3771,,,,,,,,,,,,,,,,,https://hahn-vo-df1c.vercel.app/assets/products/p3771/5.jpg,6,IWC Schaffhausen Portofino Automatic 40 Zifferblatt silber,
omega-seamaster-diver-300-m-zifferblatt-blau-garantiekarte-p2446,Omega Seamaster Diver 300 M Zifferblatt Blau Garantiekarte,"<p>Hier präsentieren wir die Omega Diver 300 Blue mit Original Omega Garantiekarte. Unsere Bilder sind unbearbeitet und zeigen jedes Detail – mehr, als das bloße Auge wahrnimmt.</p><table><tr><th align=""left"" style=""padding:4px 18px 4px 0"">Interner Code</th><td>HV-2446</td></tr><tr><th align=""left"" style=""padding:4px 18px 4px 0"">Referenz</th><td>212.30.41.20.03.001</td></tr><tr><th align=""left"" style=""padding:4px 18px 4px 0"">Baujahr</th><td>2009 (Ungefähre Angabe)</td></tr><tr><th align=""left"" style=""padding:4px 18px 4px 0"">Durchmesser</th><td>41 mm</td></tr><tr><th align=""left"" style=""padding:4px 18px 4px 0"">Gehäuse</th><td>Edelstahl</td></tr><tr><th align=""left"" style=""padding:4px 18px 4px 0"">Zifferblatt</th><td>Blau</td></tr><tr><th align=""left"" style=""padding:4px 18px 4px 0"">Band</th><td>Edelstahl</td></tr><tr><th align=""left"" style=""padding:4px 18px 4px 0"">Werk</th><td>Automatik</td></tr><tr><th align=""left"" style=""padding:4px 18px 4px 0"">Lieferumfang</th><td>Full Set, Papiere, Garantiekarte, Echtheitszertifikat</td></tr><tr><th align=""left"" style=""padding:4px 18px 4px 0"">Zustand</th><td>Gut</td></tr></table><p>Jede Uhr wird vor dem Verkauf geprüft. 12 Monate Garantie auf das Werk, 14 Tage Rückgaberecht. Versand: Deutschland kostenfrei, Europa 79 €, weltweit 150 € — oder persönliche Übergabe in unserem Showroom in Frankfurt.</p><p><strong>Bei Zahlung per Überweisung bitte als Verwendungszweck angeben: HV-2446</strong></p>",Omega,Armbanduhr,"Omega, 212.30.41.20.03.001, 2009 (Ungefähre Angabe), Gut, Full Set",TRUE,Titel,Einzelstück,HV-P2446,shopify,1,deny,manual,3090,TRUE,TRUE,https://hahn-vo-df1c.vercel.app/assets/products/p2446/0.jpg,1,Omega Seamaster Diver 300 M Zifferblatt Blau Garantiekarte,active
omega-seamaster-diver-300-m-zifferblatt-blau-garantiekarte-p2446,,,,,,,,,,,,,,,,,https://hahn-vo-df1c.vercel.app/assets/products/p2446/1.jpg,2,Omega Seamaster Diver 300 M Zifferblatt Blau Garantiekarte,
omega-seamaster-diver-300-m-zifferblatt-blau-garantiekarte-p2446,,,,,,,,,,,,,,,,,https://hahn-vo-df1c.vercel.app/assets/products/p2446/2.jpg,3,Omega Seamaster Diver 300 M Zifferblatt Blau Garantiekarte,
omega-seamaster-diver-300-m-zifferblatt-blau-garantiekarte-p2446,,,,,,,,,,,,,,,,,https://hahn-vo-df1c.vercel.app/assets/products/p2446/3.jpg,4,Omega Seamaster Diver 300 M Zifferblatt Blau Garantiekarte,
omega-seamaster-diver-300-m-zifferblatt-blau-garantiekarte-p2446,,,,,,,,,,,,,,,,,https://hahn-vo-df1c.vercel.app/assets/products/p2446/4.jpg,5,Omega Seamaster Diver 300 M Zifferblatt Blau Garantiekarte,
omega-seamaster-diver-300-m-zifferblatt-blau-garantiekarte-p2446,,,,,,,,,,,,,,,,,https://hahn-vo-df1c.vercel.app/assets/products/p2446/5.jpg,6,Omega Seamaster Diver 300 M Zifferblatt Blau Garantiekarte,
breitling-superocean-heritage-46-p1226,Breitling Superocean Heritage 46,"<p>Hier präsentieren wir die Breitling Superocean Heritage Chronograph 46 mm im Full Set aus dem Jahr 2018. Unsere Bilder sind unbearbeitet und zeigen jedes Detail – mehr, als das bloße Auge wahrnimmt.</p><table><tr><th align=""left"" style=""padding:4px 18px 4px 0"">Interner Code</th><td>HV-1226</td></tr><tr><th align=""left"" style=""padding:4px 18px 4px 0"">Referenz</th><td>A1331212/BF78</td></tr><tr><th align=""left"" style=""padding:4px 18px 4px 0"">Baujahr</th><td>2018</td></tr><tr><th align=""left"" style=""padding:4px 18px 4px 0"">Gehäuse</th><td>Edelstahl</td></tr><tr><th align=""left"" style=""padding:4px 18px 4px 0"">Zifferblatt</th><td>Schwarz</td></tr><tr><th align=""left"" style=""padding:4px 18px 4px 0"">Band</th><td>Edelstahl</td></tr><tr><th align=""left"" style=""padding:4px 18px 4px 0"">Werk</th><td>Automatik</td></tr><tr><th align=""left"" style=""padding:4px 18px 4px 0"">Lieferumfang</th><td>Full Set, Papiere, Box</td></tr><tr><th align=""left"" style=""padding:4px 18px 4px 0"">Zustand</th><td>Sehr gut</td></tr></table><p>Jede Uhr wird vor dem Verkauf geprüft. 12 Monate Garantie auf das Werk, 14 Tage Rückgaberecht. Versand: Deutschland kostenfrei, Europa 79 €, weltweit 150 € — oder persönliche Übergabe in unserem Showroom in Frankfurt.</p><p><strong>Bei Zahlung per Überweisung bitte als Verwendungszweck angeben: HV-1226</strong></p>",Breitling,Armbanduhr,"Breitling, A1331212/BF78, 2018, Sehr gut, Full Set",TRUE,Titel,Einzelstück,HV-P1226,shopify,1,deny,manual,3790,TRUE,TRUE,https://hahn-vo-df1c.vercel.app/assets/products/p1226/0.jpg,1,Breitling Superocean Heritage 46,active
breitling-superocean-heritage-46-p1226,,,,,,,,,,,,,,,,,https://hahn-vo-df1c.vercel.app/assets/products/p1226/1.jpg,2,Breitling Superocean Heritage 46,
breitling-superocean-heritage-46-p1226,,,,,,,,,,,,,,,,,https://hahn-vo-df1c.vercel.app/assets/products/p1226/2.jpg,3,Breitling Superocean Heritage 46,
breitling-superocean-heritage-46-p1226,,,,,,,,,,,,,,,,,https://hahn-vo-df1c.vercel.app/assets/products/p1226/3.jpg,4,Breitling Superocean Heritage 46,
breitling-superocean-heritage-46-p1226,,,,,,,,,,,,,,,,,https://hahn-vo-df1c.vercel.app/assets/products/p1226/4.jpg,5,Breitling Superocean Heritage 46,
breitling-superocean-heritage-46-p1226,,,,,,,,,,,,,,,,,https://hahn-vo-df1c.vercel.app/assets/products/p1226/5.jpg,6,Breitling Superocean Heritage 46,
tag-heuer-carrera-chronograph-p9320,TAG Heuer Carrera Chronograph,"<p>Hier präsentieren wir die TAG Heuer Carerra Chronograph aus dem Jahr 2020 im Full Set. Unsere Bilder sind unbearbeitet und zeigen jedes Detail – mehr, als das bloße Auge wahrnimmt.</p><table><tr><th align=""left"" style=""padding:4px 18px 4px 0"">Interner Code</th><td>HV-9320</td></tr><tr><th align=""left"" style=""padding:4px 18px 4px 0"">Referenz</th><td>CBN2A1B.BA0643</td></tr><tr><th align=""left"" style=""padding:4px 18px 4px 0"">Baujahr</th><td>2020</td></tr><tr><th align=""left"" style=""padding:4px 18px 4px 0"">Durchmesser</th><td>44 mm</td></tr><tr><th align=""left"" style=""padding:4px 18px 4px 0"">Gehäuse</th><td>Edelstahl</td></tr><tr><th align=""left"" style=""padding:4px 18px 4px 0"">Zifferblatt</th><td>Schwarz</td></tr><tr><th align=""left"" style=""padding:4px 18px 4px 0"">Band</th><td>Edelstahl</td></tr><tr><th align=""left"" style=""padding:4px 18px 4px 0"">Werk</th><td>Automatik</td></tr><tr><th align=""left"" style=""padding:4px 18px 4px 0"">Lieferumfang</th><td>Full Set</td></tr><tr><th align=""left"" style=""padding:4px 18px 4px 0"">Zustand</th><td>Sehr gut</td></tr></table><p>Jede Uhr wird vor dem Verkauf geprüft. 12 Monate Garantie auf das Werk, 14 Tage Rückgaberecht. Versand: Deutschland kostenfrei, Europa 79 €, weltweit 150 € — oder persönliche Übergabe in unserem Showroom in Frankfurt.</p><p><strong>Bei Zahlung per Überweisung bitte als Verwendungszweck angeben: HV-9320</strong></p>",TAG Heuer,Armbanduhr,"TAG Heuer, CBN2A1B.BA0643, 2020, Sehr gut, Full Set",TRUE,Titel,Einzelstück,HV-P9320,shopify,1,deny,manual,2790,TRUE,TRUE,https://hahn-vo-df1c.vercel.app/assets/products/p9320/0.jpg,1,TAG Heuer Carrera Chronograph,active
tag-heuer-carrera-chronograph-p9320,,,,,,,,,,,,,,,,,https://hahn-vo-df1c.vercel.app/assets/products/p9320/1.jpg,2,TAG Heuer Carrera Chronograph,
tag-heuer-carrera-chronograph-p9320,,,,,,,,,,,,,,,,,https://hahn-vo-df1c.vercel.app/assets/products/p9320/2.jpg,3,TAG Heuer Carrera Chronograph,
tag-heuer-carrera-chronograph-p9320,,,,,,,,,,,,,,,,,https://hahn-vo-df1c.vercel.app/assets/products/p9320/3.jpg,4,TAG Heuer Carrera Chronograph,
tag-heuer-carrera-chronograph-p9320,,,,,,,,,,,,,,,,,https://hahn-vo-df1c.vercel.app/assets/products/p9320/4.jpg,5,TAG Heuer Carrera Chronograph,
tag-heuer-carrera-chronograph-p9320,,,,,,,,,,,,,,,,,https://hahn-vo-df1c.vercel.app/assets/products/p9320/5.jpg,6,TAG Heuer Carrera Chronograph,
sinn-spezialuhren-chronograph-936-p9311,Sinn Spezialuhren Chronograph 936,"<p>Hier präsentieren wir die Sinn 936 im Full Set aus dem Jahre 2024. Unsere Bilder sind unbearbeitet und zeigen jedes Detail – mehr, als das bloße Auge wahrnimmt.</p><table><tr><th align=""left"" style=""padding:4px 18px 4px 0"">Interner Code</th><td>HV-9311</td></tr><tr><th align=""left"" style=""padding:4px 18px 4px 0"">Baujahr</th><td>2024</td></tr><tr><th align=""left"" style=""padding:4px 18px 4px 0"">Durchmesser</th><td>43 mm</td></tr><tr><th align=""left"" style=""padding:4px 18px 4px 0"">Gehäuse</th><td>Stahl</td></tr><tr><th align=""left"" style=""padding:4px 18px 4px 0"">Zifferblatt</th><td>Schwarz</td></tr><tr><th align=""left"" style=""padding:4px 18px 4px 0"">Band</th><td>Leder</td></tr><tr><th align=""left"" style=""padding:4px 18px 4px 0"">Werk</th><td>Automatik</td></tr><tr><th align=""left"" style=""padding:4px 18px 4px 0"">Lieferumfang</th><td>Full Set, Papiere, Box</td></tr><tr><th align=""left"" style=""padding:4px 18px 4px 0"">Zustand</th><td>Sehr gut</td></tr></table><p>Jede Uhr wird vor dem Verkauf geprüft. 12 Monate Garantie auf das Werk, 14 Tage Rückgaberecht. Versand: Deutschland kostenfrei, Europa 79 €, weltweit 150 € — oder persönliche Übergabe in unserem Showroom in Frankfurt.</p><p><strong>Bei Zahlung per Überweisung bitte als Verwendungszweck angeben: HV-9311</strong></p>",Sinn,Armbanduhr,"Sinn, 2024, Sehr gut, Full Set",TRUE,Titel,Einzelstück,HV-P9311,shopify,1,deny,manual,2490,TRUE,TRUE,https://hahn-vo-df1c.vercel.app/assets/products/p9311/0.jpg,1,Sinn Spezialuhren Chronograph 936,active
sinn-spezialuhren-chronograph-936-p9311,,,,,,,,,,,,,,,,,https://hahn-vo-df1c.vercel.app/assets/products/p9311/1.jpg,2,Sinn Spezialuhren Chronograph 936,
sinn-spezialuhren-chronograph-936-p9311,,,,,,,,,,,,,,,,,https://hahn-vo-df1c.vercel.app/assets/products/p9311/2.jpg,3,Sinn Spezialuhren Chronograph 936,
sinn-spezialuhren-chronograph-936-p9311,,,,,,,,,,,,,,,,,https://hahn-vo-df1c.vercel.app/assets/products/p9311/3.jpg,4,Sinn Spezialuhren Chronograph 936,
sinn-spezialuhren-chronograph-936-p9311,,,,,,,,,,,,,,,,,https://hahn-vo-df1c.vercel.app/assets/products/p9311/4.jpg,5,Sinn Spezialuhren Chronograph 936,
sinn-spezialuhren-chronograph-936-p9311,,,,,,,,,,,,,,,,,https://hahn-vo-df1c.vercel.app/assets/products/p9311/5.jpg,6,Sinn Spezialuhren Chronograph 936,
breitling-superocean-heritage-42-p9290,Breitling Superocean Heritage 42,"<p>Hier präsentieren wir die Breitling Superocean Heritage 42 im Full Set aus dem Jahr 2016. Unsere Bilder sind unbearbeitet und zeigen jedes Detail – mehr, als das bloße Auge wahrnimmt.</p><table><tr><th align=""left"" style=""padding:4px 18px 4px 0"">Interner Code</th><td>HV-9290</td></tr><tr><th align=""left"" style=""padding:4px 18px 4px 0"">Referenz</th><td>A1732124/BA61</td></tr><tr><th align=""left"" style=""padding:4px 18px 4px 0"">Baujahr</th><td>2016</td></tr><tr><th align=""left"" style=""padding:4px 18px 4px 0"">Gehäuse</th><td>Edelstahl</td></tr><tr><th align=""left"" style=""padding:4px 18px 4px 0"">Zifferblatt</th><td>Schwarz</td></tr><tr><th align=""left"" style=""padding:4px 18px 4px 0"">Band</th><td>Edelstahl</td></tr><tr><th align=""left"" style=""padding:4px 18px 4px 0"">Werk</th><td>Automatik</td></tr><tr><th align=""left"" style=""padding:4px 18px 4px 0"">Lieferumfang</th><td>Full Set, Papiere, Box</td></tr><tr><th align=""left"" style=""padding:4px 18px 4px 0"">Zustand</th><td>Sehr gut</td></tr></table><p>Jede Uhr wird vor dem Verkauf geprüft. 12 Monate Garantie auf das Werk, 14 Tage Rückgaberecht. Versand: Deutschland kostenfrei, Europa 79 €, weltweit 150 € — oder persönliche Übergabe in unserem Showroom in Frankfurt.</p><p><strong>Bei Zahlung per Überweisung bitte als Verwendungszweck angeben: HV-9290</strong></p>",Breitling,Armbanduhr,"Breitling, A1732124/BA61, 2016, Sehr gut, Full Set",TRUE,Titel,Einzelstück,HV-P9290,shopify,1,deny,manual,3250,TRUE,TRUE,https://hahn-vo-df1c.vercel.app/assets/products/p9290/0.jpg,1,Breitling Superocean Heritage 42,active
breitling-superocean-heritage-42-p9290,,,,,,,,,,,,,,,,,https://hahn-vo-df1c.vercel.app/assets/products/p9290/1.jpg,2,Breitling Superocean Heritage 42,
breitling-superocean-heritage-42-p9290,,,,,,,,,,,,,,,,,https://hahn-vo-df1c.vercel.app/assets/products/p9290/2.jpg,3,Breitling Superocean Heritage 42,
breitling-superocean-heritage-42-p9290,,,,,,,,,,,,,,,,,https://hahn-vo-df1c.vercel.app/assets/products/p9290/3.jpg,4,Breitling Superocean Heritage 42,
breitling-superocean-heritage-42-p9290,,,,,,,,,,,,,,,,,https://hahn-vo-df1c.vercel.app/assets/products/p9290/4.jpg,5,Breitling Superocean Heritage 42,
breitling-superocean-heritage-42-p9290,,,,,,,,,,,,,,,,,https://hahn-vo-df1c.vercel.app/assets/products/p9290/5.jpg,6,Breitling Superocean Heritage 42,
iwc-schaffhausen-fliegeruhr-mk18-laureus-garantiekarte-p7474,IWC Schaffhausen Fliegeruhr MK18 Laureus Garantiekarte,"<p>Wir präsentieren die IWC Pilot's Watch Mark XVIII Laureus Edition Ref. IW324703. Eine auf nur 1.500 Exemplare weltweit limitierte Sonderedition für die Laureus Foundation. Unsere Bilder zeigen jedes Detail – mehr, als das bloße Auge wahrnimmt.</p><table><tr><th align=""left"" style=""padding:4px 18px 4px 0"">Interner Code</th><td>HV-7474</td></tr><tr><th align=""left"" style=""padding:4px 18px 4px 0"">Referenz</th><td>IW324703</td></tr><tr><th align=""left"" style=""padding:4px 18px 4px 0"">Baujahr</th><td>2018</td></tr><tr><th align=""left"" style=""padding:4px 18px 4px 0"">Durchmesser</th><td>41 mm</td></tr><tr><th align=""left"" style=""padding:4px 18px 4px 0"">Gehäuse</th><td>Keramik</td></tr><tr><th align=""left"" style=""padding:4px 18px 4px 0"">Zifferblatt</th><td>Blau</td></tr><tr><th align=""left"" style=""padding:4px 18px 4px 0"">Band</th><td>Textil, Leder Inlay</td></tr><tr><th align=""left"" style=""padding:4px 18px 4px 0"">Werk</th><td>Automatik</td></tr><tr><th align=""left"" style=""padding:4px 18px 4px 0"">Lieferumfang</th><td>Garantiekarte</td></tr><tr><th align=""left"" style=""padding:4px 18px 4px 0"">Zustand</th><td>Sehr gut</td></tr></table><p>Jede Uhr wird vor dem Verkauf geprüft. 12 Monate Garantie auf das Werk, 14 Tage Rückgaberecht. Versand: Deutschland kostenfrei, Europa 79 €, weltweit 150 € — oder persönliche Übergabe in unserem Showroom in Frankfurt.</p><p><strong>Bei Zahlung per Überweisung bitte als Verwendungszweck angeben: HV-7474</strong></p>",IWC,Armbanduhr,"IWC, IW324703, 2018, Sehr gut",TRUE,Titel,Einzelstück,HV-P7474,shopify,1,deny,manual,4390,TRUE,TRUE,https://hahn-vo-df1c.vercel.app/assets/products/p7474/0.jpg,1,IWC Schaffhausen Fliegeruhr MK18 Laureus Garantiekarte,active
iwc-schaffhausen-fliegeruhr-mk18-laureus-garantiekarte-p7474,,,,,,,,,,,,,,,,,https://hahn-vo-df1c.vercel.app/assets/products/p7474/1.jpg,2,IWC Schaffhausen Fliegeruhr MK18 Laureus Garantiekarte,
iwc-schaffhausen-fliegeruhr-mk18-laureus-garantiekarte-p7474,,,,,,,,,,,,,,,,,https://hahn-vo-df1c.vercel.app/assets/products/p7474/2.jpg,3,IWC Schaffhausen Fliegeruhr MK18 Laureus Garantiekarte,
iwc-schaffhausen-fliegeruhr-mk18-laureus-garantiekarte-p7474,,,,,,,,,,,,,,,,,https://hahn-vo-df1c.vercel.app/assets/products/p7474/3.jpg,4,IWC Schaffhausen Fliegeruhr MK18 Laureus Garantiekarte,
iwc-schaffhausen-fliegeruhr-mk18-laureus-garantiekarte-p7474,,,,,,,,,,,,,,,,,https://hahn-vo-df1c.vercel.app/assets/products/p7474/4.jpg,5,IWC Schaffhausen Fliegeruhr MK18 Laureus Garantiekarte,
iwc-schaffhausen-fliegeruhr-mk18-laureus-garantiekarte-p7474,,,,,,,,,,,,,,,,,https://hahn-vo-df1c.vercel.app/assets/products/p7474/5.jpg,6,IWC Schaffhausen Fliegeruhr MK18 Laureus Garantiekarte,
tudor-heritage-chronograph-42mm-zifferblatt-schwarz-p1799,Tudor Heritage Chronograph 42mm Zifferblatt Schwarz,"<p>Hier präsentieren wir die Tudor Heritage Chronograph aus dem Jahr 2011 im Full Set. Unsere Bilder sind unbearbeitet und zeigen jedes Detail – mehr, als das bloße Auge wahrnimmt.</p><table><tr><th align=""left"" style=""padding:4px 18px 4px 0"">Interner Code</th><td>HV-1799</td></tr><tr><th align=""left"" style=""padding:4px 18px 4px 0"">Referenz</th><td>70330N</td></tr><tr><th align=""left"" style=""padding:4px 18px 4px 0"">Baujahr</th><td>2011</td></tr><tr><th align=""left"" style=""padding:4px 18px 4px 0"">Durchmesser</th><td>42 mm</td></tr><tr><th align=""left"" style=""padding:4px 18px 4px 0"">Gehäuse</th><td>Edelstahl</td></tr><tr><th align=""left"" style=""padding:4px 18px 4px 0"">Zifferblatt</th><td>Schwarz</td></tr><tr><th align=""left"" style=""padding:4px 18px 4px 0"">Band</th><td>Edelstahl</td></tr><tr><th align=""left"" style=""padding:4px 18px 4px 0"">Werk</th><td>Automatk</td></tr><tr><th align=""left"" style=""padding:4px 18px 4px 0"">Lieferumfang</th><td>Full Set, Papiere, Box, Echtheitszertifikat</td></tr><tr><th align=""left"" style=""padding:4px 18px 4px 0"">Zustand</th><td>Sehr gut</td></tr></table><p>Jede Uhr wird vor dem Verkauf geprüft. 12 Monate Garantie auf das Werk, 14 Tage Rückgaberecht. Versand: Deutschland kostenfrei, Europa 79 €, weltweit 150 € — oder persönliche Übergabe in unserem Showroom in Frankfurt.</p><p><strong>Bei Zahlung per Überweisung bitte als Verwendungszweck angeben: HV-1799</strong></p>",Tudor,Armbanduhr,"Tudor, 70330N, 2011, Sehr gut, Full Set",TRUE,Titel,Einzelstück,HV-P1799,shopify,1,deny,manual,2990,TRUE,TRUE,https://hahn-vo-df1c.vercel.app/assets/products/p1799/0.jpg,1,Tudor Heritage Chronograph 42mm Zifferblatt Schwarz,active
tudor-heritage-chronograph-42mm-zifferblatt-schwarz-p1799,,,,,,,,,,,,,,,,,https://hahn-vo-df1c.vercel.app/assets/products/p1799/1.jpg,2,Tudor Heritage Chronograph 42mm Zifferblatt Schwarz,
tudor-heritage-chronograph-42mm-zifferblatt-schwarz-p1799,,,,,,,,,,,,,,,,,https://hahn-vo-df1c.vercel.app/assets/products/p1799/2.jpg,3,Tudor Heritage Chronograph 42mm Zifferblatt Schwarz,
tudor-heritage-chronograph-42mm-zifferblatt-schwarz-p1799,,,,,,,,,,,,,,,,,https://hahn-vo-df1c.vercel.app/assets/products/p1799/3.jpg,4,Tudor Heritage Chronograph 42mm Zifferblatt Schwarz,
tudor-heritage-chronograph-42mm-zifferblatt-schwarz-p1799,,,,,,,,,,,,,,,,,https://hahn-vo-df1c.vercel.app/assets/products/p1799/4.jpg,5,Tudor Heritage Chronograph 42mm Zifferblatt Schwarz,
tudor-heritage-chronograph-42mm-zifferblatt-schwarz-p1799,,,,,,,,,,,,,,,,,https://hahn-vo-df1c.vercel.app/assets/products/p1799/5.jpg,6,Tudor Heritage Chronograph 42mm Zifferblatt Schwarz,
rolex-gmt-master-ii-left-hand-sprite-p9177,Rolex GMT Master II Left Hand Sprite,"<p>Hier präsentieren wir die Rolex GMT Master II aus dem Jahr 2023 im Full Set. Die Rolex GMT-Master II Left Hand zeichnet sich durch ihre außergewöhnliche Anordnung der Krone auf der linken Gehäuseseite aus. In Kombination mit der grün-schwarzen Lünette zählt sie zu den begehrtesten Rolex-Modellen. Unsere Bilder sind unbearbeitet und zeigen jedes Detail – mehr, als das bloße Auge wahrnimmt.</p><table><tr><th align=""left"" style=""padding:4px 18px 4px 0"">Interner Code</th><td>HV-9177</td></tr><tr><th align=""left"" style=""padding:4px 18px 4px 0"">Referenz</th><td>126720VTNR</td></tr><tr><th align=""left"" style=""padding:4px 18px 4px 0"">Baujahr</th><td>2023</td></tr><tr><th align=""left"" style=""padding:4px 18px 4px 0"">Durchmesser</th><td>40 mm</td></tr><tr><th align=""left"" style=""padding:4px 18px 4px 0"">Gehäuse</th><td>Edelstahl</td></tr><tr><th align=""left"" style=""padding:4px 18px 4px 0"">Zifferblatt</th><td>Schwarz</td></tr><tr><th align=""left"" style=""padding:4px 18px 4px 0"">Band</th><td>Edelstahl</td></tr><tr><th align=""left"" style=""padding:4px 18px 4px 0"">Werk</th><td>Automatik</td></tr><tr><th align=""left"" style=""padding:4px 18px 4px 0"">Lieferumfang</th><td>Full Set, Papiere, Box, Echtheitszertifikat</td></tr><tr><th align=""left"" style=""padding:4px 18px 4px 0"">Zustand</th><td>Sehr gut</td></tr></table><p>Jede Uhr wird vor dem Verkauf geprüft. 12 Monate Garantie auf das Werk, 14 Tage Rückgaberecht. Versand: Deutschland kostenfrei, Europa 79 €, weltweit 150 € — oder persönliche Übergabe in unserem Showroom in Frankfurt.</p><p><strong>Bei Zahlung per Überweisung bitte als Verwendungszweck angeben: HV-9177</strong></p>",Rolex,Armbanduhr,"Rolex, 126720VTNR, 2023, Sehr gut, Full Set",TRUE,Titel,Einzelstück,HV-P9177,shopify,1,deny,manual,14400,TRUE,TRUE,https://hahn-vo-df1c.vercel.app/assets/products/p9177/0.jpg,1,Rolex GMT Master II Left Hand Sprite,active
rolex-gmt-master-ii-left-hand-sprite-p9177,,,,,,,,,,,,,,,,,https://hahn-vo-df1c.vercel.app/assets/products/p9177/1.jpg,2,Rolex GMT Master II Left Hand Sprite,
rolex-gmt-master-ii-left-hand-sprite-p9177,,,,,,,,,,,,,,,,,https://hahn-vo-df1c.vercel.app/assets/products/p9177/2.jpg,3,Rolex GMT Master II Left Hand Sprite,
rolex-gmt-master-ii-left-hand-sprite-p9177,,,,,,,,,,,,,,,,,https://hahn-vo-df1c.vercel.app/assets/products/p9177/3.jpg,4,Rolex GMT Master II Left Hand Sprite,
rolex-gmt-master-ii-left-hand-sprite-p9177,,,,,,,,,,,,,,,,,https://hahn-vo-df1c.vercel.app/assets/products/p9177/4.jpg,5,Rolex GMT Master II Left Hand Sprite,
rolex-gmt-master-ii-left-hand-sprite-p9177,,,,,,,,,,,,,,,,,https://hahn-vo-df1c.vercel.app/assets/products/p9177/5.jpg,6,Rolex GMT Master II Left Hand Sprite,
breitling-avenger-chronograph-blau-45mm-p6059,Breitling Avenger Chronograph Blau 45mm,"<p>Hier präsentieren wir die Breitling Avenger Chronograph 45 aus dem Jahr 2020 im Full Set. Unsere Bilder sind unbearbeitet und zeigen jedes Detail – mehr, als das bloße Auge wahrnimmt.</p><table><tr><th align=""left"" style=""padding:4px 18px 4px 0"">Interner Code</th><td>HV-6059</td></tr><tr><th align=""left"" style=""padding:4px 18px 4px 0"">Referenz</th><td>A13317101C1A1</td></tr><tr><th align=""left"" style=""padding:4px 18px 4px 0"">Baujahr</th><td>2020</td></tr><tr><th align=""left"" style=""padding:4px 18px 4px 0"">Durchmesser</th><td>45 mm</td></tr><tr><th align=""left"" style=""padding:4px 18px 4px 0"">Gehäuse</th><td>Edelstahl</td></tr><tr><th align=""left"" style=""padding:4px 18px 4px 0"">Zifferblatt</th><td>Blau</td></tr><tr><th align=""left"" style=""padding:4px 18px 4px 0"">Band</th><td>Edelstahl</td></tr><tr><th align=""left"" style=""padding:4px 18px 4px 0"">Werk</th><td>Automatik</td></tr><tr><th align=""left"" style=""padding:4px 18px 4px 0"">Lieferumfang</th><td>Full Set, Papiere, Box, Echtheitszertifikat</td></tr><tr><th align=""left"" style=""padding:4px 18px 4px 0"">Zustand</th><td>Gut</td></tr></table><p>Jede Uhr wird vor dem Verkauf geprüft. 12 Monate Garantie auf das Werk, 14 Tage Rückgaberecht. Versand: Deutschland kostenfrei, Europa 79 €, weltweit 150 € — oder persönliche Übergabe in unserem Showroom in Frankfurt.</p><p><strong>Bei Zahlung per Überweisung bitte als Verwendungszweck angeben: HV-6059</strong></p>",Breitling,Armbanduhr,"Breitling, A13317101C1A1, 2020, Gut, Full Set",TRUE,Titel,Einzelstück,HV-P6059,shopify,1,deny,manual,3390,TRUE,TRUE,https://hahn-vo-df1c.vercel.app/assets/products/p6059/0.jpg,1,Breitling Avenger Chronograph Blau 45mm,active
breitling-avenger-chronograph-blau-45mm-p6059,,,,,,,,,,,,,,,,,https://hahn-vo-df1c.vercel.app/assets/products/p6059/1.jpg,2,Breitling Avenger Chronograph Blau 45mm,
breitling-avenger-chronograph-blau-45mm-p6059,,,,,,,,,,,,,,,,,https://hahn-vo-df1c.vercel.app/assets/products/p6059/2.jpg,3,Breitling Avenger Chronograph Blau 45mm,
breitling-avenger-chronograph-blau-45mm-p6059,,,,,,,,,,,,,,,,,https://hahn-vo-df1c.vercel.app/assets/products/p6059/3.jpg,4,Breitling Avenger Chronograph Blau 45mm,
breitling-avenger-chronograph-blau-45mm-p6059,,,,,,,,,,,,,,,,,https://hahn-vo-df1c.vercel.app/assets/products/p6059/4.jpg,5,Breitling Avenger Chronograph Blau 45mm,
breitling-avenger-chronograph-blau-45mm-p6059,,,,,,,,,,,,,,,,,https://hahn-vo-df1c.vercel.app/assets/products/p6059/5.jpg,6,Breitling Avenger Chronograph Blau 45mm,
a-lange-soehne-saxonia-ultra-thin-37-mm-weissgold-p5825,A. Lange & Söhne Saxonia Ultra Thin 37 mm Weißgold,"<p>Hier präsentieren wir die elegante A. Lange & Söhne Saxonia 37 mm Ref. 201.027. Eine Ikone deutscher Uhrmacherkunst. Zum Lieferumfang gehört zudem ein hochwertiges L&S Travel Pouch, das diese außergewöhnliche Uhr stilvoll ergänzt. Unsere Bilder sind unbearbeitet und zeigen jedes Detail – mehr, als das bloße Auge wahrnimmt.</p><table><tr><th align=""left"" style=""padding:4px 18px 4px 0"">Interner Code</th><td>HV-5825</td></tr><tr><th align=""left"" style=""padding:4px 18px 4px 0"">Referenz</th><td>201.027</td></tr><tr><th align=""left"" style=""padding:4px 18px 4px 0"">Durchmesser</th><td>37 mm</td></tr><tr><th align=""left"" style=""padding:4px 18px 4px 0"">Gehäuse</th><td>Weißgold</td></tr><tr><th align=""left"" style=""padding:4px 18px 4px 0"">Zifferblatt</th><td>Weiß</td></tr><tr><th align=""left"" style=""padding:4px 18px 4px 0"">Band</th><td>Leder (orig. L&S Armband sehr guter Zustand)</td></tr><tr><th align=""left"" style=""padding:4px 18px 4px 0"">Werk</th><td>Handaufzug (Kal. L.093.1)</td></tr><tr><th align=""left"" style=""padding:4px 18px 4px 0"">Zustand</th><td>Sehr gut</td></tr></table><p>Jede Uhr wird vor dem Verkauf geprüft. 12 Monate Garantie auf das Werk, 14 Tage Rückgaberecht. Versand: Deutschland kostenfrei, Europa 79 €, weltweit 150 € — oder persönliche Übergabe in unserem Showroom in Frankfurt.</p><p><strong>Bei Zahlung per Überweisung bitte als Verwendungszweck angeben: HV-5825</strong></p>",A. Lange & Söhne,Armbanduhr,"A. Lange & Söhne, 201.027, Sehr gut",TRUE,Titel,Einzelstück,HV-P5825,shopify,1,deny,manual,15400,TRUE,TRUE,https://hahn-vo-df1c.vercel.app/assets/products/p5825/0.jpg,1,A. Lange & Söhne Saxonia Ultra Thin 37 mm Weißgold,active
a-lange-soehne-saxonia-ultra-thin-37-mm-weissgold-p5825,,,,,,,,,,,,,,,,,https://hahn-vo-df1c.vercel.app/assets/products/p5825/1.jpg,2,A. Lange & Söhne Saxonia Ultra Thin 37 mm Weißgold,
a-lange-soehne-saxonia-ultra-thin-37-mm-weissgold-p5825,,,,,,,,,,,,,,,,,https://hahn-vo-df1c.vercel.app/assets/products/p5825/2.jpg,3,A. Lange & Söhne Saxonia Ultra Thin 37 mm Weißgold,
a-lange-soehne-saxonia-ultra-thin-37-mm-weissgold-p5825,,,,,,,,,,,,,,,,,https://hahn-vo-df1c.vercel.app/assets/products/p5825/3.jpg,4,A. Lange & Söhne Saxonia Ultra Thin 37 mm Weißgold,
a-lange-soehne-saxonia-ultra-thin-37-mm-weissgold-p5825,,,,,,,,,,,,,,,,,https://hahn-vo-df1c.vercel.app/assets/products/p5825/4.jpg,5,A. Lange & Söhne Saxonia Ultra Thin 37 mm Weißgold,
a-lange-soehne-saxonia-ultra-thin-37-mm-weissgold-p5825,,,,,,,,,,,,,,,,,https://hahn-vo-df1c.vercel.app/assets/products/p5825/5.jpg,6,A. Lange & Söhne Saxonia Ultra Thin 37 mm Weißgold,
a-lange-soehne-glashuette-taschenuhr-kaliber-43-l-s-p5085,A. Lange & Söhne Glashütte Taschenuhr Kaliber 43 L&S,"<p>Hier präsentieren wir eine Lange & Söhne Taschenuhr mit L&S Zertifikat und Archivauszug von Glashütte, sowie die original Uhrenbox. Ein wahres Sammlerstück. Unsere Bilder sind unbearbeitet und zeigen jedes Detail – mehr, als das bloße Auge wahrnimmt.</p><table><tr><th align=""left"" style=""padding:4px 18px 4px 0"">Interner Code</th><td>HV-5085</td></tr><tr><th align=""left"" style=""padding:4px 18px 4px 0"">Baujahr</th><td>1907</td></tr><tr><th align=""left"" style=""padding:4px 18px 4px 0"">Durchmesser</th><td>53 mm</td></tr><tr><th align=""left"" style=""padding:4px 18px 4px 0"">Gehäuse</th><td>Silber</td></tr><tr><th align=""left"" style=""padding:4px 18px 4px 0"">Zifferblatt</th><td>Weiß</td></tr><tr><th align=""left"" style=""padding:4px 18px 4px 0"">Werk</th><td>Handaufzug</td></tr><tr><th align=""left"" style=""padding:4px 18px 4px 0"">Lieferumfang</th><td>Box</td></tr><tr><th align=""left"" style=""padding:4px 18px 4px 0"">Zustand</th><td>Gut</td></tr></table><p>Jede Uhr wird vor dem Verkauf geprüft. 12 Monate Garantie auf das Werk, 14 Tage Rückgaberecht. Versand: Deutschland kostenfrei, Europa 79 €, weltweit 150 € — oder persönliche Übergabe in unserem Showroom in Frankfurt.</p><p><strong>Bei Zahlung per Überweisung bitte als Verwendungszweck angeben: HV-5085</strong></p>",A. Lange & Söhne,Armbanduhr,"A. Lange & Söhne, 1907, Gut",TRUE,Titel,Einzelstück,HV-P5085,shopify,1,deny,manual,3490,TRUE,TRUE,https://hahn-vo-df1c.vercel.app/assets/products/p5085/0.jpg,1,A. Lange & Söhne Glashütte Taschenuhr Kaliber 43 L&S,active
a-lange-soehne-glashuette-taschenuhr-kaliber-43-l-s-p5085,,,,,,,,,,,,,,,,,https://hahn-vo-df1c.vercel.app/assets/products/p5085/1.jpg,2,A. Lange & Söhne Glashütte Taschenuhr Kaliber 43 L&S,
a-lange-soehne-glashuette-taschenuhr-kaliber-43-l-s-p5085,,,,,,,,,,,,,,,,,https://hahn-vo-df1c.vercel.app/assets/products/p5085/2.jpg,3,A. Lange & Söhne Glashütte Taschenuhr Kaliber 43 L&S,
a-lange-soehne-glashuette-taschenuhr-kaliber-43-l-s-p5085,,,,,,,,,,,,,,,,,https://hahn-vo-df1c.vercel.app/assets/products/p5085/3.jpg,4,A. Lange & Söhne Glashütte Taschenuhr Kaliber 43 L&S,
a-lange-soehne-glashuette-taschenuhr-kaliber-43-l-s-p5085,,,,,,,,,,,,,,,,,https://hahn-vo-df1c.vercel.app/assets/products/p5085/4.jpg,5,A. Lange & Söhne Glashütte Taschenuhr Kaliber 43 L&S,
a-lange-soehne-glashuette-taschenuhr-kaliber-43-l-s-p5085,,,,,,,,,,,,,,,,,https://hahn-vo-df1c.vercel.app/assets/products/p5085/5.jpg,6,A. Lange & Söhne Glashütte Taschenuhr Kaliber 43 L&S,
breitling-chronomat-colt-zifferblatt-blau-kautschukband-p5044,Breitling Chronomat Colt Zifferblatt Blau + Kautschukband,"<p>Hier präsentieren wir den Breitling Chronomat Colt aus dem Jahr 2019 im Full Set. Unsere Bilder sind unbearbeitet und zeigen jedes Detail – mehr, als das bloße Auge wahrnimmt.</p><table><tr><th align=""left"" style=""padding:4px 18px 4px 0"">Interner Code</th><td>HV-5044</td></tr><tr><th align=""left"" style=""padding:4px 18px 4px 0"">Referenz</th><td>A17388</td></tr><tr><th align=""left"" style=""padding:4px 18px 4px 0"">Baujahr</th><td>2019</td></tr><tr><th align=""left"" style=""padding:4px 18px 4px 0"">Durchmesser</th><td>44 mm</td></tr><tr><th align=""left"" style=""padding:4px 18px 4px 0"">Gehäuse</th><td>Edelstahl</td></tr><tr><th align=""left"" style=""padding:4px 18px 4px 0"">Zifferblatt</th><td>Blau</td></tr><tr><th align=""left"" style=""padding:4px 18px 4px 0"">Band</th><td>Edelstahl + Kautschukband</td></tr><tr><th align=""left"" style=""padding:4px 18px 4px 0"">Werk</th><td>Automatik</td></tr><tr><th align=""left"" style=""padding:4px 18px 4px 0"">Lieferumfang</th><td>Full Set, Papiere, Box</td></tr><tr><th align=""left"" style=""padding:4px 18px 4px 0"">Zustand</th><td>Sehr gut</td></tr></table><p>Jede Uhr wird vor dem Verkauf geprüft. 12 Monate Garantie auf das Werk, 14 Tage Rückgaberecht. Versand: Deutschland kostenfrei, Europa 79 €, weltweit 150 € — oder persönliche Übergabe in unserem Showroom in Frankfurt.</p><p><strong>Bei Zahlung per Überweisung bitte als Verwendungszweck angeben: HV-5044</strong></p>",Breitling,Armbanduhr,"Breitling, A17388, 2019, Sehr gut, Full Set",TRUE,Titel,Einzelstück,HV-P5044,shopify,1,deny,manual,2290,TRUE,TRUE,https://hahn-vo-df1c.vercel.app/assets/products/p5044/0.jpg,1,Breitling Chronomat Colt Zifferblatt Blau + Kautschukband,active
breitling-chronomat-colt-zifferblatt-blau-kautschukband-p5044,,,,,,,,,,,,,,,,,https://hahn-vo-df1c.vercel.app/assets/products/p5044/1.jpg,2,Breitling Chronomat Colt Zifferblatt Blau + Kautschukband,
breitling-chronomat-colt-zifferblatt-blau-kautschukband-p5044,,,,,,,,,,,,,,,,,https://hahn-vo-df1c.vercel.app/assets/products/p5044/2.jpg,3,Breitling Chronomat Colt Zifferblatt Blau + Kautschukband,
breitling-chronomat-colt-zifferblatt-blau-kautschukband-p5044,,,,,,,,,,,,,,,,,https://hahn-vo-df1c.vercel.app/assets/products/p5044/3.jpg,4,Breitling Chronomat Colt Zifferblatt Blau + Kautschukband,
breitling-chronomat-colt-zifferblatt-blau-kautschukband-p5044,,,,,,,,,,,,,,,,,https://hahn-vo-df1c.vercel.app/assets/products/p5044/4.jpg,5,Breitling Chronomat Colt Zifferblatt Blau + Kautschukband,
breitling-chronomat-colt-zifferblatt-blau-kautschukband-p5044,,,,,,,,,,,,,,,,,https://hahn-vo-df1c.vercel.app/assets/products/p5044/5.jpg,6,Breitling Chronomat Colt Zifferblatt Blau + Kautschukband,
iwc-portugieser-yacht-club-chronograph-p5038,IWC Portugieser Yacht Club Chronograph,"<p>Hier präsentieren wir den IWC Portugieser Yacht Club Chrono im Full Set mit Flyback Funktion. Unsere Bilder sind unbearbeitet und zeigen jedes Detail – mehr, als das bloße Auge wahrnimmt.</p><table><tr><th align=""left"" style=""padding:4px 18px 4px 0"">Interner Code</th><td>HV-5038</td></tr><tr><th align=""left"" style=""padding:4px 18px 4px 0"">Referenz</th><td>IW390502</td></tr><tr><th align=""left"" style=""padding:4px 18px 4px 0"">Baujahr</th><td>2017</td></tr><tr><th align=""left"" style=""padding:4px 18px 4px 0"">Durchmesser</th><td>43 mm</td></tr><tr><th align=""left"" style=""padding:4px 18px 4px 0"">Gehäuse</th><td>Edelstahl</td></tr><tr><th align=""left"" style=""padding:4px 18px 4px 0"">Zifferblatt</th><td>Weiß</td></tr><tr><th align=""left"" style=""padding:4px 18px 4px 0"">Band</th><td>Leder / Kautschuk Inlay</td></tr><tr><th align=""left"" style=""padding:4px 18px 4px 0"">Werk</th><td>Automatik (Manufakturwerk mit Flybackfunktion)</td></tr><tr><th align=""left"" style=""padding:4px 18px 4px 0"">Lieferumfang</th><td>Full Set, Papiere, Box</td></tr><tr><th align=""left"" style=""padding:4px 18px 4px 0"">Zustand</th><td>Sehr gut</td></tr></table><p>Jede Uhr wird vor dem Verkauf geprüft. 12 Monate Garantie auf das Werk, 14 Tage Rückgaberecht. Versand: Deutschland kostenfrei, Europa 79 €, weltweit 150 € — oder persönliche Übergabe in unserem Showroom in Frankfurt.</p><p><strong>Bei Zahlung per Überweisung bitte als Verwendungszweck angeben: HV-5038</strong></p>",IWC,Armbanduhr,"IWC, IW390502, 2017, Sehr gut, Full Set",TRUE,Titel,Einzelstück,HV-P5038,shopify,1,deny,manual,5990,TRUE,TRUE,https://hahn-vo-df1c.vercel.app/assets/products/p5038/0.jpg,1,IWC Portugieser Yacht Club Chronograph,active
iwc-portugieser-yacht-club-chronograph-p5038,,,,,,,,,,,,,,,,,https://hahn-vo-df1c.vercel.app/assets/products/p5038/1.jpg,2,IWC Portugieser Yacht Club Chronograph,
iwc-portugieser-yacht-club-chronograph-p5038,,,,,,,,,,,,,,,,,https://hahn-vo-df1c.vercel.app/assets/products/p5038/2.jpg,3,IWC Portugieser Yacht Club Chronograph,
iwc-portugieser-yacht-club-chronograph-p5038,,,,,,,,,,,,,,,,,https://hahn-vo-df1c.vercel.app/assets/products/p5038/3.jpg,4,IWC Portugieser Yacht Club Chronograph,
iwc-portugieser-yacht-club-chronograph-p5038,,,,,,,,,,,,,,,,,https://hahn-vo-df1c.vercel.app/assets/products/p5038/4.jpg,5,IWC Portugieser Yacht Club Chronograph,
iwc-portugieser-yacht-club-chronograph-p5038,,,,,,,,,,,,,,,,,https://hahn-vo-df1c.vercel.app/assets/products/p5038/5.jpg,6,IWC Portugieser Yacht Club Chronograph,
panerai-radiomir-handaufzug-p3766,Panerai Radiomir Handaufzug,"<p>Hier präsentieren wir die Panerai Radiomir PAM01385 im Full Set aus dem Jahr 2024. Diese Panerai hat eine Restgarantie bis 2032. Unsere Bilder sind unbearbeitet und zeigen jedes Detail – mehr, als das bloße Auge wahrnimmt.</p><table><tr><th align=""left"" style=""padding:4px 18px 4px 0"">Interner Code</th><td>HV-3766</td></tr><tr><th align=""left"" style=""padding:4px 18px 4px 0"">Referenz</th><td>PAM01385</td></tr><tr><th align=""left"" style=""padding:4px 18px 4px 0"">Baujahr</th><td>2024 (Garantie bei Panerai bis 2032)</td></tr><tr><th align=""left"" style=""padding:4px 18px 4px 0"">Durchmesser</th><td>44 mm</td></tr><tr><th align=""left"" style=""padding:4px 18px 4px 0"">Gehäuse</th><td>Edelstahl</td></tr><tr><th align=""left"" style=""padding:4px 18px 4px 0"">Zifferblatt</th><td>Hellbraun</td></tr><tr><th align=""left"" style=""padding:4px 18px 4px 0"">Band</th><td>Leder</td></tr><tr><th align=""left"" style=""padding:4px 18px 4px 0"">Werk</th><td>Handaufzug</td></tr><tr><th align=""left"" style=""padding:4px 18px 4px 0"">Lieferumfang</th><td>Full Set, Papiere, Box</td></tr><tr><th align=""left"" style=""padding:4px 18px 4px 0"">Zustand</th><td>Sehr gut</td></tr></table><p>Jede Uhr wird vor dem Verkauf geprüft. 12 Monate Garantie auf das Werk, 14 Tage Rückgaberecht. Versand: Deutschland kostenfrei, Europa 79 €, weltweit 150 € — oder persönliche Übergabe in unserem Showroom in Frankfurt.</p><p><strong>Bei Zahlung per Überweisung bitte als Verwendungszweck angeben: HV-3766</strong></p>",Panerai,Armbanduhr,"Panerai, PAM01385, 2024 (Garantie bei Panerai bis 2032), Sehr gut, Full Set",TRUE,Titel,Einzelstück,HV-P3766,shopify,1,deny,manual,5450,TRUE,TRUE,https://hahn-vo-df1c.vercel.app/assets/products/p3766/0.jpg,1,Panerai Radiomir Handaufzug,active
panerai-radiomir-handaufzug-p3766,,,,,,,,,,,,,,,,,https://hahn-vo-df1c.vercel.app/assets/products/p3766/1.jpg,2,Panerai Radiomir Handaufzug,
panerai-radiomir-handaufzug-p3766,,,,,,,,,,,,,,,,,https://hahn-vo-df1c.vercel.app/assets/products/p3766/2.jpg,3,Panerai Radiomir Handaufzug,
panerai-radiomir-handaufzug-p3766,,,,,,,,,,,,,,,,,https://hahn-vo-df1c.vercel.app/assets/products/p3766/3.jpg,4,Panerai Radiomir Handaufzug,
panerai-radiomir-handaufzug-p3766,,,,,,,,,,,,,,,,,https://hahn-vo-df1c.vercel.app/assets/products/p3766/4.jpg,5,Panerai Radiomir Handaufzug,
panerai-radiomir-handaufzug-p3766,,,,,,,,,,,,,,,,,https://hahn-vo-df1c.vercel.app/assets/products/p3766/5.jpg,6,Panerai Radiomir Handaufzug,
rolex-oyster-perpetual-date-34-p3762,Rolex Oyster Perpetual Date 34,"<p>Hier präsentieren wir die Rolex Oyster Perpetual Date 15200 im Full Set. Die Oyster Perpetual Date 34 hatte eine Revision im Jahre 2021 bei Rolex gehabt. Unsere Bilder sind unbearbeitet und zeigen jedes Detail – mehr, als das bloße Auge wahrnimmt.</p><table><tr><th align=""left"" style=""padding:4px 18px 4px 0"">Interner Code</th><td>HV-3762</td></tr><tr><th align=""left"" style=""padding:4px 18px 4px 0"">Referenz</th><td>15200</td></tr><tr><th align=""left"" style=""padding:4px 18px 4px 0"">Baujahr</th><td>2000</td></tr><tr><th align=""left"" style=""padding:4px 18px 4px 0"">Durchmesser</th><td>34 mm</td></tr><tr><th align=""left"" style=""padding:4px 18px 4px 0"">Gehäuse</th><td>Edelstahl</td></tr><tr><th align=""left"" style=""padding:4px 18px 4px 0"">Zifferblatt</th><td>Silber</td></tr><tr><th align=""left"" style=""padding:4px 18px 4px 0"">Band</th><td>Edelstahl</td></tr><tr><th align=""left"" style=""padding:4px 18px 4px 0"">Werk</th><td>Automatik</td></tr><tr><th align=""left"" style=""padding:4px 18px 4px 0"">Lieferumfang</th><td>Full Set, Papiere, Box</td></tr><tr><th align=""left"" style=""padding:4px 18px 4px 0"">Zustand</th><td>Sehr gut</td></tr></table><p>Jede Uhr wird vor dem Verkauf geprüft. 12 Monate Garantie auf das Werk, 14 Tage Rückgaberecht. Versand: Deutschland kostenfrei, Europa 79 €, weltweit 150 € — oder persönliche Übergabe in unserem Showroom in Frankfurt.</p><p><strong>Bei Zahlung per Überweisung bitte als Verwendungszweck angeben: HV-3762</strong></p>",Rolex,Armbanduhr,"Rolex, 15200, 2000, Sehr gut, Full Set",TRUE,Titel,Einzelstück,HV-P3762,shopify,1,deny,manual,5290,TRUE,TRUE,https://hahn-vo-df1c.vercel.app/assets/products/p3762/0.jpg,1,Rolex Oyster Perpetual Date 34,active
rolex-oyster-perpetual-date-34-p3762,,,,,,,,,,,,,,,,,https://hahn-vo-df1c.vercel.app/assets/products/p3762/1.jpg,2,Rolex Oyster Perpetual Date 34,
rolex-oyster-perpetual-date-34-p3762,,,,,,,,,,,,,,,,,https://hahn-vo-df1c.vercel.app/assets/products/p3762/2.jpg,3,Rolex Oyster Perpetual Date 34,
rolex-oyster-perpetual-date-34-p3762,,,,,,,,,,,,,,,,,https://hahn-vo-df1c.vercel.app/assets/products/p3762/3.jpg,4,Rolex Oyster Perpetual Date 34,
rolex-oyster-perpetual-date-34-p3762,,,,,,,,,,,,,,,,,https://hahn-vo-df1c.vercel.app/assets/products/p3762/4.jpg,5,Rolex Oyster Perpetual Date 34,
rolex-oyster-perpetual-date-34-p3762,,,,,,,,,,,,,,,,,https://hahn-vo-df1c.vercel.app/assets/products/p3762/5.jpg,6,Rolex Oyster Perpetual Date 34,
iwc-fliegeruhr-chronograph-bronze-garantiekarte-p4284,IWC Fliegeruhr Chronograph Bronze Garantiekarte,"<p>Hier präsentieren wir die IWC Fliegeruhr Chronograph aus dem Jahr 2020 mit IWC Zertifikat. Unsere Bilder sind unbearbeitet und zeigen jedes Detail – mehr, als das bloße Auge wahrnimmt.</p><table><tr><th align=""left"" style=""padding:4px 18px 4px 0"">Interner Code</th><td>HV-4284</td></tr><tr><th align=""left"" style=""padding:4px 18px 4px 0"">Referenz</th><td>IW387902</td></tr><tr><th align=""left"" style=""padding:4px 18px 4px 0"">Baujahr</th><td>2020</td></tr><tr><th align=""left"" style=""padding:4px 18px 4px 0"">Durchmesser</th><td>41</td></tr><tr><th align=""left"" style=""padding:4px 18px 4px 0"">Gehäuse</th><td>Bronze</td></tr><tr><th align=""left"" style=""padding:4px 18px 4px 0"">Zifferblatt</th><td>Grün</td></tr><tr><th align=""left"" style=""padding:4px 18px 4px 0"">Band</th><td>Leder</td></tr><tr><th align=""left"" style=""padding:4px 18px 4px 0"">Werk</th><td>Automatik</td></tr><tr><th align=""left"" style=""padding:4px 18px 4px 0"">Lieferumfang</th><td>Full Set, Papiere, Box, Echtheitszertifikat</td></tr><tr><th align=""left"" style=""padding:4px 18px 4px 0"">Zustand</th><td>Gut</td></tr></table><p>Jede Uhr wird vor dem Verkauf geprüft. 12 Monate Garantie auf das Werk, 14 Tage Rückgaberecht. Versand: Deutschland kostenfrei, Europa 79 €, weltweit 150 € — oder persönliche Übergabe in unserem Showroom in Frankfurt.</p><p><strong>Bei Zahlung per Überweisung bitte als Verwendungszweck angeben: HV-4284</strong></p>",IWC,Armbanduhr,"IWC, IW387902, 2020, Gut, Full Set",TRUE,Titel,Einzelstück,HV-P4284,shopify,1,deny,manual,5390,TRUE,TRUE,https://hahn-vo-df1c.vercel.app/assets/products/p4284/0.jpg,1,IWC Fliegeruhr Chronograph Bronze Garantiekarte,active
iwc-fliegeruhr-chronograph-bronze-garantiekarte-p4284,,,,,,,,,,,,,,,,,https://hahn-vo-df1c.vercel.app/assets/products/p4284/1.jpg,2,IWC Fliegeruhr Chronograph Bronze Garantiekarte,
iwc-fliegeruhr-chronograph-bronze-garantiekarte-p4284,,,,,,,,,,,,,,,,,https://hahn-vo-df1c.vercel.app/assets/products/p4284/2.jpg,3,IWC Fliegeruhr Chronograph Bronze Garantiekarte,
iwc-fliegeruhr-chronograph-bronze-garantiekarte-p4284,,,,,,,,,,,,,,,,,https://hahn-vo-df1c.vercel.app/assets/products/p4284/3.jpg,4,IWC Fliegeruhr Chronograph Bronze Garantiekarte,
iwc-fliegeruhr-chronograph-bronze-garantiekarte-p4284,,,,,,,,,,,,,,,,,https://hahn-vo-df1c.vercel.app/assets/products/p4284/4.jpg,5,IWC Fliegeruhr Chronograph Bronze Garantiekarte,
iwc-fliegeruhr-chronograph-bronze-garantiekarte-p4284,,,,,,,,,,,,,,,,,https://hahn-vo-df1c.vercel.app/assets/products/p4284/5.jpg,6,IWC Fliegeruhr Chronograph Bronze Garantiekarte,
cartier-santos-galbee-stahl-gold-24x35-quarz-p4267,Cartier Santos Galbee Stahl/Gold 24x35 Quarz,"<p>Hier präsentieren wir die Cartier Santos Galbee in Edelstahl/Gelbgold. Unsere Bilder sind unbearbeitet und zeigen jedes Detail – mehr, als das bloße Auge wahrnimmt.</p><table><tr><th align=""left"" style=""padding:4px 18px 4px 0"">Interner Code</th><td>HV-4267</td></tr><tr><th align=""left"" style=""padding:4px 18px 4px 0"">Referenz</th><td>119902</td></tr><tr><th align=""left"" style=""padding:4px 18px 4px 0"">Durchmesser</th><td>24 x 35</td></tr><tr><th align=""left"" style=""padding:4px 18px 4px 0"">Gehäuse</th><td>Edelstahl/Gelbgold</td></tr><tr><th align=""left"" style=""padding:4px 18px 4px 0"">Zifferblatt</th><td>Weiß</td></tr><tr><th align=""left"" style=""padding:4px 18px 4px 0"">Band</th><td>Edelstahl/Gelbgold</td></tr><tr><th align=""left"" style=""padding:4px 18px 4px 0"">Werk</th><td>Quarz</td></tr><tr><th align=""left"" style=""padding:4px 18px 4px 0"">Lieferumfang</th><td>Full Set, Papiere, Echtheitszertifikat</td></tr><tr><th align=""left"" style=""padding:4px 18px 4px 0"">Zustand</th><td>Gut</td></tr></table><p>Jede Uhr wird vor dem Verkauf geprüft. 12 Monate Garantie auf das Werk, 14 Tage Rückgaberecht. Versand: Deutschland kostenfrei, Europa 79 €, weltweit 150 € — oder persönliche Übergabe in unserem Showroom in Frankfurt.</p><p><strong>Bei Zahlung per Überweisung bitte als Verwendungszweck angeben: HV-4267</strong></p>",Cartier,Armbanduhr,"Cartier, 119902, Gut, Full Set",TRUE,Titel,Einzelstück,HV-P4267,shopify,1,deny,manual,4480,TRUE,TRUE,https://hahn-vo-df1c.vercel.app/assets/products/p4267/0.jpg,1,Cartier Santos Galbee Stahl/Gold 24x35 Quarz,active
cartier-santos-galbee-stahl-gold-24x35-quarz-p4267,,,,,,,,,,,,,,,,,https://hahn-vo-df1c.vercel.app/assets/products/p4267/1.jpg,2,Cartier Santos Galbee Stahl/Gold 24x35 Quarz,
cartier-santos-galbee-stahl-gold-24x35-quarz-p4267,,,,,,,,,,,,,,,,,https://hahn-vo-df1c.vercel.app/assets/products/p4267/2.jpg,3,Cartier Santos Galbee Stahl/Gold 24x35 Quarz,
cartier-santos-galbee-stahl-gold-24x35-quarz-p4267,,,,,,,,,,,,,,,,,https://hahn-vo-df1c.vercel.app/assets/products/p4267/3.jpg,4,Cartier Santos Galbee Stahl/Gold 24x35 Quarz,
sinn-203-ti-chronograph-automatik-sinn-rechnung-1x-titanband-zifferblatt-303-yukon-kristall-p7015,Sinn 203 Ti Chronograph Automatik Sinn-Rechnung + 1x Titanband Zifferblatt 303 Yukon Kristall,"<p>Hier präsentieren wir euch die Sinn 203 Chronograph mit Titangehäuse und Titanarmband. Die originale Sinn-Rechnung aus dem Jahr 1999 ist ebenfalls vorhanden. Zusätzlich wurde die Lünette im Januar 2023 direkt bei Sinn erneuert, der entsprechende Servicenachweis liegt bei. Zum Lieferumfang gehören außerdem ein 2. originales Titanarmband sowie alle beim Lünettenwechsel ausgebauten Originalteile.</p><table><tr><th align=""left"" style=""padding:4px 18px 4px 0"">Interner Code</th><td>HV-7015</td></tr><tr><th align=""left"" style=""padding:4px 18px 4px 0"">Baujahr</th><td>1999</td></tr><tr><th align=""left"" style=""padding:4px 18px 4px 0"">Durchmesser</th><td>41 mm</td></tr><tr><th align=""left"" style=""padding:4px 18px 4px 0"">Gehäuse</th><td>Titan</td></tr><tr><th align=""left"" style=""padding:4px 18px 4px 0"">Zifferblatt</th><td>Blau</td></tr><tr><th align=""left"" style=""padding:4px 18px 4px 0"">Band</th><td>Titan</td></tr><tr><th align=""left"" style=""padding:4px 18px 4px 0"">Werk</th><td>Automatik</td></tr><tr><th align=""left"" style=""padding:4px 18px 4px 0"">Zustand</th><td>Gut</td></tr></table><p>Jede Uhr wird vor dem Verkauf geprüft. 12 Monate Garantie auf das Werk, 14 Tage Rückgaberecht. Versand: Deutschland kostenfrei, Europa 79 €, weltweit 150 € — oder persönliche Übergabe in unserem Showroom in Frankfurt.</p><p><strong>Bei Zahlung per Überweisung bitte als Verwendungszweck angeben: HV-7015</strong></p>",Sinn,Armbanduhr,"Sinn, 1999, Gut",TRUE,Titel,Einzelstück,HV-P7015,shopify,1,deny,manual,2390,TRUE,TRUE,https://hahn-vo-df1c.vercel.app/assets/products/p7015/0.jpg,1,Sinn 203 Ti Chronograph Automatik Sinn-Rechnung + 1x Titanband Zifferblatt 303 Yukon Kristall,active
sinn-203-ti-chronograph-automatik-sinn-rechnung-1x-titanband-zifferblatt-303-yukon-kristall-p7015,,,,,,,,,,,,,,,,,https://hahn-vo-df1c.vercel.app/assets/products/p7015/1.jpg,2,Sinn 203 Ti Chronograph Automatik Sinn-Rechnung + 1x Titanband Zifferblatt 303 Yukon Kristall,
sinn-203-ti-chronograph-automatik-sinn-rechnung-1x-titanband-zifferblatt-303-yukon-kristall-p7015,,,,,,,,,,,,,,,,,https://hahn-vo-df1c.vercel.app/assets/products/p7015/2.jpg,3,Sinn 203 Ti Chronograph Automatik Sinn-Rechnung + 1x Titanband Zifferblatt 303 Yukon Kristall,
sinn-203-ti-chronograph-automatik-sinn-rechnung-1x-titanband-zifferblatt-303-yukon-kristall-p7015,,,,,,,,,,,,,,,,,https://hahn-vo-df1c.vercel.app/assets/products/p7015/3.jpg,4,Sinn 203 Ti Chronograph Automatik Sinn-Rechnung + 1x Titanband Zifferblatt 303 Yukon Kristall,
sinn-203-ti-chronograph-automatik-sinn-rechnung-1x-titanband-zifferblatt-303-yukon-kristall-p7015,,,,,,,,,,,,,,,,,https://hahn-vo-df1c.vercel.app/assets/products/p7015/4.jpg,5,Sinn 203 Ti Chronograph Automatik Sinn-Rechnung + 1x Titanband Zifferblatt 303 Yukon Kristall,
sinn-203-ti-chronograph-automatik-sinn-rechnung-1x-titanband-zifferblatt-303-yukon-kristall-p7015,,,,,,,,,,,,,,,,,https://hahn-vo-df1c.vercel.app/assets/products/p7015/5.jpg,6,Sinn 203 Ti Chronograph Automatik Sinn-Rechnung + 1x Titanband Zifferblatt 303 Yukon Kristall,
vacheron-constantin-overseas-chronograph-zifferblatt-weiss-p3734,Vacheron Constantin Overseas Chronograph Zifferblatt Weiß,"<p>Hier präsentieren wir den Vacheron Constantin Overseas Chronograph mit orig. VC Uhrenbox. Unsere Bilder sind unbearbeitet und zeigen jedes Detail – mehr, als das bloße Auge wahrnimmt.</p><table><tr><th align=""left"" style=""padding:4px 18px 4px 0"">Interner Code</th><td>HV-3734</td></tr><tr><th align=""left"" style=""padding:4px 18px 4px 0"">Referenz</th><td>49150</td></tr><tr><th align=""left"" style=""padding:4px 18px 4px 0"">Durchmesser</th><td>42 mm</td></tr><tr><th align=""left"" style=""padding:4px 18px 4px 0"">Gehäuse</th><td>Edelstahl</td></tr><tr><th align=""left"" style=""padding:4px 18px 4px 0"">Zifferblatt</th><td>Weiß</td></tr><tr><th align=""left"" style=""padding:4px 18px 4px 0"">Band</th><td>Edelstahl</td></tr><tr><th align=""left"" style=""padding:4px 18px 4px 0"">Werk</th><td>Automatik</td></tr><tr><th align=""left"" style=""padding:4px 18px 4px 0"">Lieferumfang</th><td>Box</td></tr><tr><th align=""left"" style=""padding:4px 18px 4px 0"">Zustand</th><td>Sehr gut</td></tr></table><p>Jede Uhr wird vor dem Verkauf geprüft. 12 Monate Garantie auf das Werk, 14 Tage Rückgaberecht. Versand: Deutschland kostenfrei, Europa 79 €, weltweit 150 € — oder persönliche Übergabe in unserem Showroom in Frankfurt.</p><p><strong>Bei Zahlung per Überweisung bitte als Verwendungszweck angeben: HV-3734</strong></p>",Vacheron Constantin,Armbanduhr,"Vacheron Constantin, 49150, Sehr gut",TRUE,Titel,Einzelstück,HV-P3734,shopify,1,deny,manual,16490,TRUE,TRUE,https://hahn-vo-df1c.vercel.app/assets/products/p3734/0.jpg,1,Vacheron Constantin Overseas Chronograph Zifferblatt Weiß,active
vacheron-constantin-overseas-chronograph-zifferblatt-weiss-p3734,,,,,,,,,,,,,,,,,https://hahn-vo-df1c.vercel.app/assets/products/p3734/1.jpg,2,Vacheron Constantin Overseas Chronograph Zifferblatt Weiß,
vacheron-constantin-overseas-chronograph-zifferblatt-weiss-p3734,,,,,,,,,,,,,,,,,https://hahn-vo-df1c.vercel.app/assets/products/p3734/2.jpg,3,Vacheron Constantin Overseas Chronograph Zifferblatt Weiß,
vacheron-constantin-overseas-chronograph-zifferblatt-weiss-p3734,,,,,,,,,,,,,,,,,https://hahn-vo-df1c.vercel.app/assets/products/p3734/3.jpg,4,Vacheron Constantin Overseas Chronograph Zifferblatt Weiß,
vacheron-constantin-overseas-chronograph-zifferblatt-weiss-p3734,,,,,,,,,,,,,,,,,https://hahn-vo-df1c.vercel.app/assets/products/p3734/4.jpg,5,Vacheron Constantin Overseas Chronograph Zifferblatt Weiß,
vacheron-constantin-overseas-chronograph-zifferblatt-weiss-p3734,,,,,,,,,,,,,,,,,https://hahn-vo-df1c.vercel.app/assets/products/p3734/5.jpg,6,Vacheron Constantin Overseas Chronograph Zifferblatt Weiß,
iwc-big-pilot-big-date-150-years-zifferblatt-blau-p5556,IWC Big Pilot Big Date 150 Years Zifferblatt blau,"<p>Hier präsentieren wir die IWC Big Pilot Big Date 150 Years Edition. Eine streng limitierte Big Pilot zum 150 jährigen Jubiläum von IWC Schaffhausen. Unsere Bilder sind unbearbeitet und zeigen jedes Detail – mehr, als das bloße Auge wahrnimmt.</p><table><tr><th align=""left"" style=""padding:4px 18px 4px 0"">Interner Code</th><td>HV-5556</td></tr><tr><th align=""left"" style=""padding:4px 18px 4px 0"">Referenz</th><td>IW510503</td></tr><tr><th align=""left"" style=""padding:4px 18px 4px 0"">Baujahr</th><td>Dezember 2019</td></tr><tr><th align=""left"" style=""padding:4px 18px 4px 0"">Durchmesser</th><td>46 mm</td></tr><tr><th align=""left"" style=""padding:4px 18px 4px 0"">Gehäuse</th><td>Edelstahl</td></tr><tr><th align=""left"" style=""padding:4px 18px 4px 0"">Zifferblatt</th><td>Blau Emaille Look)</td></tr><tr><th align=""left"" style=""padding:4px 18px 4px 0"">Band</th><td>Leder</td></tr><tr><th align=""left"" style=""padding:4px 18px 4px 0"">Werk</th><td>Handaufzug (8x Tage Gangreserve)</td></tr><tr><th align=""left"" style=""padding:4px 18px 4px 0"">Lieferumfang</th><td>Full Set, Papiere, Box</td></tr><tr><th align=""left"" style=""padding:4px 18px 4px 0"">Zustand</th><td>Neuwertig & ungetragen</td></tr></table><p>Jede Uhr wird vor dem Verkauf geprüft. 12 Monate Garantie auf das Werk, 14 Tage Rückgaberecht. Versand: Deutschland kostenfrei, Europa 79 €, weltweit 150 € — oder persönliche Übergabe in unserem Showroom in Frankfurt.</p><p><strong>Bei Zahlung per Überweisung bitte als Verwendungszweck angeben: HV-5556</strong></p>",IWC,Armbanduhr,"IWC, IW510503, Dezember 2019, Neuwertig & ungetragen, Full Set",TRUE,Titel,Einzelstück,HV-P5556,shopify,1,deny,manual,13950,TRUE,TRUE,https://hahn-vo-df1c.vercel.app/assets/products/p5556/0.jpg,1,IWC Big Pilot Big Date 150 Years Zifferblatt blau,active
iwc-big-pilot-big-date-150-years-zifferblatt-blau-p5556,,,,,,,,,,,,,,,,,https://hahn-vo-df1c.vercel.app/assets/products/p5556/1.jpg,2,IWC Big Pilot Big Date 150 Years Zifferblatt blau,
iwc-big-pilot-big-date-150-years-zifferblatt-blau-p5556,,,,,,,,,,,,,,,,,https://hahn-vo-df1c.vercel.app/assets/products/p5556/2.jpg,3,IWC Big Pilot Big Date 150 Years Zifferblatt blau,
iwc-big-pilot-big-date-150-years-zifferblatt-blau-p5556,,,,,,,,,,,,,,,,,https://hahn-vo-df1c.vercel.app/assets/products/p5556/3.jpg,4,IWC Big Pilot Big Date 150 Years Zifferblatt blau,
iwc-big-pilot-big-date-150-years-zifferblatt-blau-p5556,,,,,,,,,,,,,,,,,https://hahn-vo-df1c.vercel.app/assets/products/p5556/4.jpg,5,IWC Big Pilot Big Date 150 Years Zifferblatt blau,
iwc-big-pilot-big-date-150-years-zifferblatt-blau-p5556,,,,,,,,,,,,,,,,,https://hahn-vo-df1c.vercel.app/assets/products/p5556/5.jpg,6,IWC Big Pilot Big Date 150 Years Zifferblatt blau,
iwc-big-pilot-big-date-150-years-zifferblatt-weiss-p5555,IWC Big Pilot Big Date 150 Years Zifferblatt weiß,"<p>Hier präsentieren wir die IWC Big Pilot Big Date 150 Years Edition. Eine streng limitierte Big Pilot zum 150 jährigen Jubiläum von IWC Schaffhausen. Unsere Bilder sind unbearbeitet und zeigen jedes Detail – mehr, als das bloße Auge wahrnimmt.</p><table><tr><th align=""left"" style=""padding:4px 18px 4px 0"">Interner Code</th><td>HV-5555</td></tr><tr><th align=""left"" style=""padding:4px 18px 4px 0"">Referenz</th><td>IW510504</td></tr><tr><th align=""left"" style=""padding:4px 18px 4px 0"">Baujahr</th><td>Dezember 2018</td></tr><tr><th align=""left"" style=""padding:4px 18px 4px 0"">Durchmesser</th><td>46 mm</td></tr><tr><th align=""left"" style=""padding:4px 18px 4px 0"">Gehäuse</th><td>Edelstahl</td></tr><tr><th align=""left"" style=""padding:4px 18px 4px 0"">Zifferblatt</th><td>Weiß (Emaille Look)</td></tr><tr><th align=""left"" style=""padding:4px 18px 4px 0"">Band</th><td>Leder</td></tr><tr><th align=""left"" style=""padding:4px 18px 4px 0"">Werk</th><td>Handaufzug (8x Tage Gangreserve)</td></tr><tr><th align=""left"" style=""padding:4px 18px 4px 0"">Lieferumfang</th><td>Full Set, Papiere, Box</td></tr><tr><th align=""left"" style=""padding:4px 18px 4px 0"">Zustand</th><td>Sehr gut</td></tr></table><p>Jede Uhr wird vor dem Verkauf geprüft. 12 Monate Garantie auf das Werk, 14 Tage Rückgaberecht. Versand: Deutschland kostenfrei, Europa 79 €, weltweit 150 € — oder persönliche Übergabe in unserem Showroom in Frankfurt.</p><p><strong>Bei Zahlung per Überweisung bitte als Verwendungszweck angeben: HV-5555</strong></p>",IWC,Armbanduhr,"IWC, IW510504, Dezember 2018, Sehr gut, Full Set",TRUE,Titel,Einzelstück,HV-P5555,shopify,1,deny,manual,13950,TRUE,TRUE,https://hahn-vo-df1c.vercel.app/assets/products/p5555/0.jpg,1,IWC Big Pilot Big Date 150 Years Zifferblatt weiß,active
iwc-big-pilot-big-date-150-years-zifferblatt-weiss-p5555,,,,,,,,,,,,,,,,,https://hahn-vo-df1c.vercel.app/assets/products/p5555/1.jpg,2,IWC Big Pilot Big Date 150 Years Zifferblatt weiß,
iwc-big-pilot-big-date-150-years-zifferblatt-weiss-p5555,,,,,,,,,,,,,,,,,https://hahn-vo-df1c.vercel.app/assets/products/p5555/2.jpg,3,IWC Big Pilot Big Date 150 Years Zifferblatt weiß,
iwc-big-pilot-big-date-150-years-zifferblatt-weiss-p5555,,,,,,,,,,,,,,,,,https://hahn-vo-df1c.vercel.app/assets/products/p5555/3.jpg,4,IWC Big Pilot Big Date 150 Years Zifferblatt weiß,
iwc-big-pilot-big-date-150-years-zifferblatt-weiss-p5555,,,,,,,,,,,,,,,,,https://hahn-vo-df1c.vercel.app/assets/products/p5555/4.jpg,5,IWC Big Pilot Big Date 150 Years Zifferblatt weiß,
iwc-big-pilot-big-date-150-years-zifferblatt-weiss-p5555,,,,,,,,,,,,,,,,,https://hahn-vo-df1c.vercel.app/assets/products/p5555/5.jpg,6,IWC Big Pilot Big Date 150 Years Zifferblatt weiß,
breitling-superocean-44-automatik-p1237,Breitling Superocean 44 Automatik,"<p>Hier präsentieren wir die Breitling Superocean aus dem Jahr 2020 im Full Set. Unsere Bilder sind unbearbeitet und zeigen jedes Detail – mehr, als das bloße Auge wahrnimmt.</p><table><tr><th align=""left"" style=""padding:4px 18px 4px 0"">Interner Code</th><td>HV-1237</td></tr><tr><th align=""left"" style=""padding:4px 18px 4px 0"">Referenz</th><td>A17367D71B1A1</td></tr><tr><th align=""left"" style=""padding:4px 18px 4px 0"">Baujahr</th><td>2020</td></tr><tr><th align=""left"" style=""padding:4px 18px 4px 0"">Durchmesser</th><td>44</td></tr><tr><th align=""left"" style=""padding:4px 18px 4px 0"">Gehäuse</th><td>Edelstahl</td></tr><tr><th align=""left"" style=""padding:4px 18px 4px 0"">Zifferblatt</th><td>Schwarz</td></tr><tr><th align=""left"" style=""padding:4px 18px 4px 0"">Band</th><td>Edelstahl (starke Gebrauchspuren, siehe Bilder)</td></tr><tr><th align=""left"" style=""padding:4px 18px 4px 0"">Werk</th><td>Automatik</td></tr><tr><th align=""left"" style=""padding:4px 18px 4px 0"">Lieferumfang</th><td>Full Set, Papiere, Box, Echtheitszertifikat</td></tr><tr><th align=""left"" style=""padding:4px 18px 4px 0"">Zustand</th><td>Befriedigend</td></tr></table><p>Jede Uhr wird vor dem Verkauf geprüft. 12 Monate Garantie auf das Werk, 14 Tage Rückgaberecht. Versand: Deutschland kostenfrei, Europa 79 €, weltweit 150 € — oder persönliche Übergabe in unserem Showroom in Frankfurt.</p><p><strong>Bei Zahlung per Überweisung bitte als Verwendungszweck angeben: HV-1237</strong></p>",Breitling,Armbanduhr,"Breitling, A17367D71B1A1, 2020, Befriedigend, Full Set",TRUE,Titel,Einzelstück,HV-P1237,shopify,1,deny,manual,2590,TRUE,TRUE,https://hahn-vo-df1c.vercel.app/assets/products/p1237/0.jpg,1,Breitling Superocean 44 Automatik,active
breitling-superocean-44-automatik-p1237,,,,,,,,,,,,,,,,,https://hahn-vo-df1c.vercel.app/assets/products/p1237/1.jpg,2,Breitling Superocean 44 Automatik,
breitling-superocean-44-automatik-p1237,,,,,,,,,,,,,,,,,https://hahn-vo-df1c.vercel.app/assets/products/p1237/2.jpg,3,Breitling Superocean 44 Automatik,
breitling-superocean-44-automatik-p1237,,,,,,,,,,,,,,,,,https://hahn-vo-df1c.vercel.app/assets/products/p1237/3.jpg,4,Breitling Superocean 44 Automatik,
breitling-superocean-44-automatik-p1237,,,,,,,,,,,,,,,,,https://hahn-vo-df1c.vercel.app/assets/products/p1237/4.jpg,5,Breitling Superocean 44 Automatik,
breitling-superocean-44-automatik-p1237,,,,,,,,,,,,,,,,,https://hahn-vo-df1c.vercel.app/assets/products/p1237/5.jpg,6,Breitling Superocean 44 Automatik,
panerai-radiomir-handaufzug-47mm-p1218,Panerai Radiomir Handaufzug 47mm,"<p>Hier präsentieren wir die Panerai Radiomir 1940 aus dem Jahr 2016 im Full Set. Unsere Bilder sind unbearbeitet und zeigen jedes Detail – mehr, als das bloße Auge wahrnimmt.</p><table><tr><th align=""left"" style=""padding:4px 18px 4px 0"">Interner Code</th><td>HV-1218</td></tr><tr><th align=""left"" style=""padding:4px 18px 4px 0"">Referenz</th><td>PAM00662</td></tr><tr><th align=""left"" style=""padding:4px 18px 4px 0"">Baujahr</th><td>2016</td></tr><tr><th align=""left"" style=""padding:4px 18px 4px 0"">Durchmesser</th><td>47 mm</td></tr><tr><th align=""left"" style=""padding:4px 18px 4px 0"">Gehäuse</th><td>Edelstahl</td></tr><tr><th align=""left"" style=""padding:4px 18px 4px 0"">Zifferblatt</th><td>Braun</td></tr><tr><th align=""left"" style=""padding:4px 18px 4px 0"">Band</th><td>Kautschuk</td></tr><tr><th align=""left"" style=""padding:4px 18px 4px 0"">Werk</th><td>P. 3000 Handaufzug</td></tr><tr><th align=""left"" style=""padding:4px 18px 4px 0"">Lieferumfang</th><td>Full Set, Papiere, Box, Echtheitszertifikat</td></tr><tr><th align=""left"" style=""padding:4px 18px 4px 0"">Zustand</th><td>Sehr gut</td></tr></table><p>Jede Uhr wird vor dem Verkauf geprüft. 12 Monate Garantie auf das Werk, 14 Tage Rückgaberecht. Versand: Deutschland kostenfrei, Europa 79 €, weltweit 150 € — oder persönliche Übergabe in unserem Showroom in Frankfurt.</p><p><strong>Bei Zahlung per Überweisung bitte als Verwendungszweck angeben: HV-1218</strong></p>",Panerai,Armbanduhr,"Panerai, PAM00662, 2016, Sehr gut, Full Set",TRUE,Titel,Einzelstück,HV-P1218,shopify,1,deny,manual,5490,TRUE,TRUE,https://hahn-vo-df1c.vercel.app/assets/products/p1218/0.jpg,1,Panerai Radiomir Handaufzug 47mm,active
panerai-radiomir-handaufzug-47mm-p1218,,,,,,,,,,,,,,,,,https://hahn-vo-df1c.vercel.app/assets/products/p1218/1.jpg,2,Panerai Radiomir Handaufzug 47mm,
panerai-radiomir-handaufzug-47mm-p1218,,,,,,,,,,,,,,,,,https://hahn-vo-df1c.vercel.app/assets/products/p1218/2.jpg,3,Panerai Radiomir Handaufzug 47mm,
panerai-radiomir-handaufzug-47mm-p1218,,,,,,,,,,,,,,,,,https://hahn-vo-df1c.vercel.app/assets/products/p1218/3.jpg,4,Panerai Radiomir Handaufzug 47mm,
panerai-radiomir-handaufzug-47mm-p1218,,,,,,,,,,,,,,,,,https://hahn-vo-df1c.vercel.app/assets/products/p1218/4.jpg,5,Panerai Radiomir Handaufzug 47mm,
panerai-radiomir-handaufzug-47mm-p1218,,,,,,,,,,,,,,,,,https://hahn-vo-df1c.vercel.app/assets/products/p1218/5.jpg,6,Panerai Radiomir Handaufzug 47mm,
cartier-cle-de-cartier-automatik-40mm-p1157,Cartier Cle de Cartier Automatik 40mm,"<p>Hier präsentieren wir die Cartier Cle de Cartier aus dem Jahr 2019 im Full Set. Unsere Bilder sind unbearbeitet und zeigen jedes Detail – mehr, als das bloße Auge wahrnimmt.</p><table><tr><th align=""left"" style=""padding:4px 18px 4px 0"">Interner Code</th><td>HV-1157</td></tr><tr><th align=""left"" style=""padding:4px 18px 4px 0"">Referenz</th><td>WSCL0018</td></tr><tr><th align=""left"" style=""padding:4px 18px 4px 0"">Baujahr</th><td>2019</td></tr><tr><th align=""left"" style=""padding:4px 18px 4px 0"">Durchmesser</th><td>40 mm</td></tr><tr><th align=""left"" style=""padding:4px 18px 4px 0"">Gehäuse</th><td>Edelstahl</td></tr><tr><th align=""left"" style=""padding:4px 18px 4px 0"">Zifferblatt</th><td>Silber</td></tr><tr><th align=""left"" style=""padding:4px 18px 4px 0"">Band</th><td>Leder</td></tr><tr><th align=""left"" style=""padding:4px 18px 4px 0"">Werk</th><td>Automatik</td></tr><tr><th align=""left"" style=""padding:4px 18px 4px 0"">Lieferumfang</th><td>Full Set, Papiere, Box, Echtheitszertifikat</td></tr><tr><th align=""left"" style=""padding:4px 18px 4px 0"">Zustand</th><td>Gut</td></tr></table><p>Jede Uhr wird vor dem Verkauf geprüft. 12 Monate Garantie auf das Werk, 14 Tage Rückgaberecht. Versand: Deutschland kostenfrei, Europa 79 €, weltweit 150 € — oder persönliche Übergabe in unserem Showroom in Frankfurt.</p><p><strong>Bei Zahlung per Überweisung bitte als Verwendungszweck angeben: HV-1157</strong></p>",Cartier,Armbanduhr,"Cartier, WSCL0018, 2019, Gut, Full Set",TRUE,Titel,Einzelstück,HV-P1157,shopify,1,deny,manual,3690,TRUE,TRUE,https://hahn-vo-df1c.vercel.app/assets/products/p1157/0.jpg,1,Cartier Cle de Cartier Automatik 40mm,active
cartier-cle-de-cartier-automatik-40mm-p1157,,,,,,,,,,,,,,,,,https://hahn-vo-df1c.vercel.app/assets/products/p1157/1.jpg,2,Cartier Cle de Cartier Automatik 40mm,
cartier-cle-de-cartier-automatik-40mm-p1157,,,,,,,,,,,,,,,,,https://hahn-vo-df1c.vercel.app/assets/products/p1157/2.jpg,3,Cartier Cle de Cartier Automatik 40mm,
cartier-cle-de-cartier-automatik-40mm-p1157,,,,,,,,,,,,,,,,,https://hahn-vo-df1c.vercel.app/assets/products/p1157/3.jpg,4,Cartier Cle de Cartier Automatik 40mm,
cartier-cle-de-cartier-automatik-40mm-p1157,,,,,,,,,,,,,,,,,https://hahn-vo-df1c.vercel.app/assets/products/p1157/4.jpg,5,Cartier Cle de Cartier Automatik 40mm,
cartier-cle-de-cartier-automatik-40mm-p1157,,,,,,,,,,,,,,,,,https://hahn-vo-df1c.vercel.app/assets/products/p1157/5.jpg,6,Cartier Cle de Cartier Automatik 40mm,
bvlgari-octo-solotempo-automatik-41mm-zifferblatt-schwarz-p1154,Bvlgari Octo Solotempo Automatik 41mm Zifferblatt Schwarz,"<p>Hier präsentieren wir die Bulgari Octo Solotempo aus dem Jahr 2015. Unsere Bilder sind unbearbeitet und zeigen jedes Detail – mehr, als das bloße Auge wahrnimmt.</p><table><tr><th align=""left"" style=""padding:4px 18px 4px 0"">Interner Code</th><td>HV-1154</td></tr><tr><th align=""left"" style=""padding:4px 18px 4px 0"">Referenz</th><td>101964</td></tr><tr><th align=""left"" style=""padding:4px 18px 4px 0"">Baujahr</th><td>2015</td></tr><tr><th align=""left"" style=""padding:4px 18px 4px 0"">Durchmesser</th><td>41 mm</td></tr><tr><th align=""left"" style=""padding:4px 18px 4px 0"">Gehäuse</th><td>Edelstahl</td></tr><tr><th align=""left"" style=""padding:4px 18px 4px 0"">Zifferblatt</th><td>Schwarz</td></tr><tr><th align=""left"" style=""padding:4px 18px 4px 0"">Band</th><td>Leder</td></tr><tr><th align=""left"" style=""padding:4px 18px 4px 0"">Werk</th><td>Automatik</td></tr><tr><th align=""left"" style=""padding:4px 18px 4px 0"">Lieferumfang</th><td>Full Set, Box, Echtheitszertifikat</td></tr><tr><th align=""left"" style=""padding:4px 18px 4px 0"">Zustand</th><td>Gut</td></tr></table><p>Jede Uhr wird vor dem Verkauf geprüft. 12 Monate Garantie auf das Werk, 14 Tage Rückgaberecht. Versand: Deutschland kostenfrei, Europa 79 €, weltweit 150 € — oder persönliche Übergabe in unserem Showroom in Frankfurt.</p><p><strong>Bei Zahlung per Überweisung bitte als Verwendungszweck angeben: HV-1154</strong></p>",Bvlgari,Armbanduhr,"Bvlgari, 101964, 2015, Gut, Full Set",TRUE,Titel,Einzelstück,HV-P1154,shopify,1,deny,manual,4690,TRUE,TRUE,https://hahn-vo-df1c.vercel.app/assets/products/p1154/0.jpg,1,Bvlgari Octo Solotempo Automatik 41mm Zifferblatt Schwarz,active
bvlgari-octo-solotempo-automatik-41mm-zifferblatt-schwarz-p1154,,,,,,,,,,,,,,,,,https://hahn-vo-df1c.vercel.app/assets/products/p1154/1.jpg,2,Bvlgari Octo Solotempo Automatik 41mm Zifferblatt Schwarz,
bvlgari-octo-solotempo-automatik-41mm-zifferblatt-schwarz-p1154,,,,,,,,,,,,,,,,,https://hahn-vo-df1c.vercel.app/assets/products/p1154/2.jpg,3,Bvlgari Octo Solotempo Automatik 41mm Zifferblatt Schwarz,
bvlgari-octo-solotempo-automatik-41mm-zifferblatt-schwarz-p1154,,,,,,,,,,,,,,,,,https://hahn-vo-df1c.vercel.app/assets/products/p1154/3.jpg,4,Bvlgari Octo Solotempo Automatik 41mm Zifferblatt Schwarz,
bvlgari-octo-solotempo-automatik-41mm-zifferblatt-schwarz-p1154,,,,,,,,,,,,,,,,,https://hahn-vo-df1c.vercel.app/assets/products/p1154/4.jpg,5,Bvlgari Octo Solotempo Automatik 41mm Zifferblatt Schwarz,
bvlgari-octo-solotempo-automatik-41mm-zifferblatt-schwarz-p1154,,,,,,,,,,,,,,,,,https://hahn-vo-df1c.vercel.app/assets/products/p1154/5.jpg,6,Bvlgari Octo Solotempo Automatik 41mm Zifferblatt Schwarz,
iwc-ingenieur-chronograph-automatik-42mm-p9012,IWC Ingenieur Chronograph Automatik 42mm,"<p>Hier präsentieren wir die IWC Ingenieur Chronograph aus dem Jahr 2016 in Titan. Unsere Bilder sind unbearbeitet und zeigen jedes Detail – mehr, als das bloße Auge wahrnimmt.</p><table><tr><th align=""left"" style=""padding:4px 18px 4px 0"">Interner Code</th><td>HV-9012</td></tr><tr><th align=""left"" style=""padding:4px 18px 4px 0"">Referenz</th><td>IW380701</td></tr><tr><th align=""left"" style=""padding:4px 18px 4px 0"">Baujahr</th><td>2016</td></tr><tr><th align=""left"" style=""padding:4px 18px 4px 0"">Durchmesser</th><td>42 mm</td></tr><tr><th align=""left"" style=""padding:4px 18px 4px 0"">Gehäuse</th><td>Titan</td></tr><tr><th align=""left"" style=""padding:4px 18px 4px 0"">Zifferblatt</th><td>Silber</td></tr><tr><th align=""left"" style=""padding:4px 18px 4px 0"">Band</th><td>Leder</td></tr><tr><th align=""left"" style=""padding:4px 18px 4px 0"">Werk</th><td>Automatik</td></tr><tr><th align=""left"" style=""padding:4px 18px 4px 0"">Lieferumfang</th><td>Echtheitszertifikat</td></tr><tr><th align=""left"" style=""padding:4px 18px 4px 0"">Zustand</th><td>Sehr gut</td></tr></table><p>Jede Uhr wird vor dem Verkauf geprüft. 12 Monate Garantie auf das Werk, 14 Tage Rückgaberecht. Versand: Deutschland kostenfrei, Europa 79 €, weltweit 150 € — oder persönliche Übergabe in unserem Showroom in Frankfurt.</p><p><strong>Bei Zahlung per Überweisung bitte als Verwendungszweck angeben: HV-9012</strong></p>",IWC,Armbanduhr,"IWC, IW380701, 2016, Sehr gut",TRUE,Titel,Einzelstück,HV-P9012,shopify,1,deny,manual,4890,TRUE,TRUE,https://hahn-vo-df1c.vercel.app/assets/products/p9012/0.jpg,1,IWC Ingenieur Chronograph Automatik 42mm,active
iwc-ingenieur-chronograph-automatik-42mm-p9012,,,,,,,,,,,,,,,,,https://hahn-vo-df1c.vercel.app/assets/products/p9012/1.jpg,2,IWC Ingenieur Chronograph Automatik 42mm,
iwc-ingenieur-chronograph-automatik-42mm-p9012,,,,,,,,,,,,,,,,,https://hahn-vo-df1c.vercel.app/assets/products/p9012/2.jpg,3,IWC Ingenieur Chronograph Automatik 42mm,
iwc-ingenieur-chronograph-automatik-42mm-p9012,,,,,,,,,,,,,,,,,https://hahn-vo-df1c.vercel.app/assets/products/p9012/3.jpg,4,IWC Ingenieur Chronograph Automatik 42mm,
iwc-ingenieur-chronograph-automatik-42mm-p9012,,,,,,,,,,,,,,,,,https://hahn-vo-df1c.vercel.app/assets/products/p9012/4.jpg,5,IWC Ingenieur Chronograph Automatik 42mm,
iwc-ingenieur-chronograph-automatik-42mm-p9012,,,,,,,,,,,,,,,,,https://hahn-vo-df1c.vercel.app/assets/products/p9012/5.jpg,6,IWC Ingenieur Chronograph Automatik 42mm,
mb-f-legacy-machine-split-escapement-titan-p462,MB&F Legacy Machine Split Escapement Titan,"<p>Hier präsentieren wir die MB&F Legacy Machine Split Escapement aus dem Jahr 2024 im Full Set. Unsere Bilder sind unbearbeitet und zeigen jedes Detail – mehr, als das bloße Auge wahrnimmt.</p><table><tr><th align=""left"" style=""padding:4px 18px 4px 0"">Interner Code</th><td>HV-462</td></tr><tr><th align=""left"" style=""padding:4px 18px 4px 0"">Referenz</th><td>04.TR.LB</td></tr><tr><th align=""left"" style=""padding:4px 18px 4px 0"">Baujahr</th><td>2024</td></tr><tr><th align=""left"" style=""padding:4px 18px 4px 0"">Durchmesser</th><td>44 mm</td></tr><tr><th align=""left"" style=""padding:4px 18px 4px 0"">Gehäuse</th><td>Titan</td></tr><tr><th align=""left"" style=""padding:4px 18px 4px 0"">Zifferblatt</th><td>Blau</td></tr><tr><th align=""left"" style=""padding:4px 18px 4px 0"">Band</th><td>Kautschukband</td></tr><tr><th align=""left"" style=""padding:4px 18px 4px 0"">Werk</th><td>Handaufzug</td></tr><tr><th align=""left"" style=""padding:4px 18px 4px 0"">Lieferumfang</th><td>Full Set</td></tr><tr><th align=""left"" style=""padding:4px 18px 4px 0"">Zustand</th><td>Sehr gut (wie neu)</td></tr></table><p>Jede Uhr wird vor dem Verkauf geprüft. 12 Monate Garantie auf das Werk, 14 Tage Rückgaberecht. Versand: Deutschland kostenfrei, Europa 79 €, weltweit 150 € — oder persönliche Übergabe in unserem Showroom in Frankfurt.</p><p><strong>Bei Zahlung per Überweisung bitte als Verwendungszweck angeben: HV-462</strong></p>",MB&F,Armbanduhr,"MB&F, 04.TR.LB, 2024, Sehr gut (wie neu), Full Set",TRUE,Titel,Einzelstück,HV-P462,shopify,1,deny,manual,109900,TRUE,TRUE,https://hahn-vo-df1c.vercel.app/assets/products/p462/0.jpg,1,MB&F Legacy Machine Split Escapement Titan,active
mb-f-legacy-machine-split-escapement-titan-p462,,,,,,,,,,,,,,,,,https://hahn-vo-df1c.vercel.app/assets/products/p462/1.jpg,2,MB&F Legacy Machine Split Escapement Titan,
mb-f-legacy-machine-split-escapement-titan-p462,,,,,,,,,,,,,,,,,https://hahn-vo-df1c.vercel.app/assets/products/p462/2.jpg,3,MB&F Legacy Machine Split Escapement Titan,
mb-f-legacy-machine-split-escapement-titan-p462,,,,,,,,,,,,,,,,,https://hahn-vo-df1c.vercel.app/assets/products/p462/3.jpg,4,MB&F Legacy Machine Split Escapement Titan,
mb-f-legacy-machine-split-escapement-titan-p462,,,,,,,,,,,,,,,,,https://hahn-vo-df1c.vercel.app/assets/products/p462/4.jpg,5,MB&F Legacy Machine Split Escapement Titan,
mb-f-legacy-machine-split-escapement-titan-p462,,,,,,,,,,,,,,,,,https://hahn-vo-df1c.vercel.app/assets/products/p462/5.jpg,6,MB&F Legacy Machine Split Escapement Titan,
rolex-datejust-36-zifferblatt-blau-jubilee-automatik-p458,Rolex Datejust 36 Zifferblatt blau Jubilee Automatik,"<p>Hier präsentieren wir die Rolex Datejust 36 neuwertig & ungetragen aus dem Jahr 2022 im Full Set Unsere Bilder sind unbearbeitet und zeigen jedes Detail – mehr, als das bloße Auge wahrnimmt.</p><table><tr><th align=""left"" style=""padding:4px 18px 4px 0"">Interner Code</th><td>HV-458</td></tr><tr><th align=""left"" style=""padding:4px 18px 4px 0"">Referenz</th><td>126200</td></tr><tr><th align=""left"" style=""padding:4px 18px 4px 0"">Baujahr</th><td>2022</td></tr><tr><th align=""left"" style=""padding:4px 18px 4px 0"">Durchmesser</th><td>36 mm</td></tr><tr><th align=""left"" style=""padding:4px 18px 4px 0"">Gehäuse</th><td>Edelstahl</td></tr><tr><th align=""left"" style=""padding:4px 18px 4px 0"">Zifferblatt</th><td>Blau</td></tr><tr><th align=""left"" style=""padding:4px 18px 4px 0"">Band</th><td>Edelstahl</td></tr><tr><th align=""left"" style=""padding:4px 18px 4px 0"">Werk</th><td>Automatik</td></tr><tr><th align=""left"" style=""padding:4px 18px 4px 0"">Lieferumfang</th><td>Full Set, Papiere, Box</td></tr><tr><th align=""left"" style=""padding:4px 18px 4px 0"">Zustand</th><td>Neuwertig & ungetragen</td></tr></table><p>Jede Uhr wird vor dem Verkauf geprüft. 12 Monate Garantie auf das Werk, 14 Tage Rückgaberecht. Versand: Deutschland kostenfrei, Europa 79 €, weltweit 150 € — oder persönliche Übergabe in unserem Showroom in Frankfurt.</p><p><strong>Bei Zahlung per Überweisung bitte als Verwendungszweck angeben: HV-458</strong></p>",Rolex,Armbanduhr,"Rolex, 126200, 2022, Neuwertig & ungetragen, Full Set",TRUE,Titel,Einzelstück,HV-P458,shopify,1,deny,manual,9490,TRUE,TRUE,https://hahn-vo-df1c.vercel.app/assets/products/p458/0.jpg,1,Rolex Datejust 36 Zifferblatt blau Jubilee Automatik,active
rolex-datejust-36-zifferblatt-blau-jubilee-automatik-p458,,,,,,,,,,,,,,,,,https://hahn-vo-df1c.vercel.app/assets/products/p458/1.jpg,2,Rolex Datejust 36 Zifferblatt blau Jubilee Automatik,
rolex-datejust-36-zifferblatt-blau-jubilee-automatik-p458,,,,,,,,,,,,,,,,,https://hahn-vo-df1c.vercel.app/assets/products/p458/2.jpg,3,Rolex Datejust 36 Zifferblatt blau Jubilee Automatik,
rolex-datejust-36-zifferblatt-blau-jubilee-automatik-p458,,,,,,,,,,,,,,,,,https://hahn-vo-df1c.vercel.app/assets/products/p458/3.jpg,4,Rolex Datejust 36 Zifferblatt blau Jubilee Automatik,
rolex-datejust-36-zifferblatt-blau-jubilee-automatik-p458,,,,,,,,,,,,,,,,,https://hahn-vo-df1c.vercel.app/assets/products/p458/4.jpg,5,Rolex Datejust 36 Zifferblatt blau Jubilee Automatik,
rolex-datejust-36-zifferblatt-blau-jubilee-automatik-p458,,,,,,,,,,,,,,,,,https://hahn-vo-df1c.vercel.app/assets/products/p458/5.jpg,6,Rolex Datejust 36 Zifferblatt blau Jubilee Automatik,
iwc-big-pilot-top-gun-keramik-46mm-p454,IWC Big Pilot Top Gun Keramik 46mm,"<p>Hier präsentieren wir die IWC Big Pilot Top Gun aus dem Jahr 2017 im Full Set.</p><table><tr><th align=""left"" style=""padding:4px 18px 4px 0"">Interner Code</th><td>HV-454</td></tr><tr><th align=""left"" style=""padding:4px 18px 4px 0"">Referenz</th><td>IW502001</td></tr><tr><th align=""left"" style=""padding:4px 18px 4px 0"">Baujahr</th><td>2017</td></tr><tr><th align=""left"" style=""padding:4px 18px 4px 0"">Durchmesser</th><td>46 mm</td></tr><tr><th align=""left"" style=""padding:4px 18px 4px 0"">Gehäuse</th><td>Keramik</td></tr><tr><th align=""left"" style=""padding:4px 18px 4px 0"">Zifferblatt</th><td>Schwarz</td></tr><tr><th align=""left"" style=""padding:4px 18px 4px 0"">Band</th><td>Leder</td></tr><tr><th align=""left"" style=""padding:4px 18px 4px 0"">Werk</th><td>Automatik</td></tr><tr><th align=""left"" style=""padding:4px 18px 4px 0"">Lieferumfang</th><td>Full Set, Papiere, Box</td></tr><tr><th align=""left"" style=""padding:4px 18px 4px 0"">Zustand</th><td>Sehr gut</td></tr></table><p>Jede Uhr wird vor dem Verkauf geprüft. 12 Monate Garantie auf das Werk, 14 Tage Rückgaberecht. Versand: Deutschland kostenfrei, Europa 79 €, weltweit 150 € — oder persönliche Übergabe in unserem Showroom in Frankfurt.</p><p><strong>Bei Zahlung per Überweisung bitte als Verwendungszweck angeben: HV-454</strong></p>",IWC,Armbanduhr,"IWC, IW502001, 2017, Sehr gut, Full Set",TRUE,Titel,Einzelstück,HV-P454,shopify,1,deny,manual,7790,TRUE,TRUE,https://hahn-vo-df1c.vercel.app/assets/products/p454/0.jpg,1,IWC Big Pilot Top Gun Keramik 46mm,active
iwc-big-pilot-top-gun-keramik-46mm-p454,,,,,,,,,,,,,,,,,https://hahn-vo-df1c.vercel.app/assets/products/p454/1.jpg,2,IWC Big Pilot Top Gun Keramik 46mm,
iwc-big-pilot-top-gun-keramik-46mm-p454,,,,,,,,,,,,,,,,,https://hahn-vo-df1c.vercel.app/assets/products/p454/2.jpg,3,IWC Big Pilot Top Gun Keramik 46mm,
iwc-big-pilot-top-gun-keramik-46mm-p454,,,,,,,,,,,,,,,,,https://hahn-vo-df1c.vercel.app/assets/products/p454/3.jpg,4,IWC Big Pilot Top Gun Keramik 46mm,
iwc-big-pilot-top-gun-keramik-46mm-p454,,,,,,,,,,,,,,,,,https://hahn-vo-df1c.vercel.app/assets/products/p454/4.jpg,5,IWC Big Pilot Top Gun Keramik 46mm,
iwc-big-pilot-top-gun-keramik-46mm-p454,,,,,,,,,,,,,,,,,https://hahn-vo-df1c.vercel.app/assets/products/p454/5.jpg,6,IWC Big Pilot Top Gun Keramik 46mm,
iwc-portugieser-handaufzug-p450,IWC Portugieser Handaufzug,"<p>Hier präsentieren wir die IWC Portugieser Handaufzug mit Box und Service-Garantiekarte. Unsere Bilder sind unbearbeitet und zeigen jedes Detail – mehr, als das bloße Auge wahrnimmt.</p><table><tr><th align=""left"" style=""padding:4px 18px 4px 0"">Interner Code</th><td>HV-450</td></tr><tr><th align=""left"" style=""padding:4px 18px 4px 0"">Referenz</th><td>IW545405</td></tr><tr><th align=""left"" style=""padding:4px 18px 4px 0"">Durchmesser</th><td>44 mm</td></tr><tr><th align=""left"" style=""padding:4px 18px 4px 0"">Gehäuse</th><td>Edelstahl</td></tr><tr><th align=""left"" style=""padding:4px 18px 4px 0"">Zifferblatt</th><td>Weiß</td></tr><tr><th align=""left"" style=""padding:4px 18px 4px 0"">Band</th><td>Leder</td></tr><tr><th align=""left"" style=""padding:4px 18px 4px 0"">Werk</th><td>Handaufzug</td></tr><tr><th align=""left"" style=""padding:4px 18px 4px 0"">Lieferumfang</th><td>Full Set, Box, Garantiekarte</td></tr><tr><th align=""left"" style=""padding:4px 18px 4px 0"">Zustand</th><td>Sehr gut</td></tr></table><p>Jede Uhr wird vor dem Verkauf geprüft. 12 Monate Garantie auf das Werk, 14 Tage Rückgaberecht. Versand: Deutschland kostenfrei, Europa 79 €, weltweit 150 € — oder persönliche Übergabe in unserem Showroom in Frankfurt.</p><p><strong>Bei Zahlung per Überweisung bitte als Verwendungszweck angeben: HV-450</strong></p>",IWC,Armbanduhr,"IWC, IW545405, Sehr gut, Full Set",TRUE,Titel,Einzelstück,HV-P450,shopify,1,deny,manual,4190,TRUE,TRUE,https://hahn-vo-df1c.vercel.app/assets/products/p450/0.jpg,1,IWC Portugieser Handaufzug,active
iwc-portugieser-handaufzug-p450,,,,,,,,,,,,,,,,,https://hahn-vo-df1c.vercel.app/assets/products/p450/1.jpg,2,IWC Portugieser Handaufzug,
iwc-portugieser-handaufzug-p450,,,,,,,,,,,,,,,,,https://hahn-vo-df1c.vercel.app/assets/products/p450/2.jpg,3,IWC Portugieser Handaufzug,
iwc-portugieser-handaufzug-p450,,,,,,,,,,,,,,,,,https://hahn-vo-df1c.vercel.app/assets/products/p450/3.jpg,4,IWC Portugieser Handaufzug,
iwc-portugieser-handaufzug-p450,,,,,,,,,,,,,,,,,https://hahn-vo-df1c.vercel.app/assets/products/p450/4.jpg,5,IWC Portugieser Handaufzug,
iwc-portugieser-handaufzug-p450,,,,,,,,,,,,,,,,,https://hahn-vo-df1c.vercel.app/assets/products/p450/5.jpg,6,IWC Portugieser Handaufzug,
jaeger-lecoultre-reverso-handaufzug-40-1mm-p446,Jaeger-LeCoultre Reverso Handaufzug 40.1mm,"<p>Hier präsentieren wir die Jaeger Le Coultre Reverso aus dem Jahr 2019 im Full Set. Unsere Bilder sind unbearbeitet und zeigen jedes Detail – mehr, als das bloße Auge wahrnimmt.</p><table><tr><th align=""left"" style=""padding:4px 18px 4px 0"">Interner Code</th><td>HV-446</td></tr><tr><th align=""left"" style=""padding:4px 18px 4px 0"">Baujahr</th><td>2019</td></tr><tr><th align=""left"" style=""padding:4px 18px 4px 0"">Durchmesser</th><td>40.1 mm</td></tr><tr><th align=""left"" style=""padding:4px 18px 4px 0"">Gehäuse</th><td>Edelstahl</td></tr><tr><th align=""left"" style=""padding:4px 18px 4px 0"">Zifferblatt</th><td>Silber</td></tr><tr><th align=""left"" style=""padding:4px 18px 4px 0"">Band</th><td>Leder</td></tr><tr><th align=""left"" style=""padding:4px 18px 4px 0"">Werk</th><td>Handaufzug</td></tr><tr><th align=""left"" style=""padding:4px 18px 4px 0"">Lieferumfang</th><td>Full Set</td></tr><tr><th align=""left"" style=""padding:4px 18px 4px 0"">Zustand</th><td>Gut</td></tr></table><p>Jede Uhr wird vor dem Verkauf geprüft. 12 Monate Garantie auf das Werk, 14 Tage Rückgaberecht. Versand: Deutschland kostenfrei, Europa 79 €, weltweit 150 € — oder persönliche Übergabe in unserem Showroom in Frankfurt.</p><p><strong>Bei Zahlung per Überweisung bitte als Verwendungszweck angeben: HV-446</strong></p>",Jaeger-LeCoultre,Armbanduhr,"Jaeger-LeCoultre, 2019, Gut, Full Set",TRUE,Titel,Einzelstück,HV-P446,shopify,1,deny,manual,6290,TRUE,TRUE,https://hahn-vo-df1c.vercel.app/assets/products/p446/0.jpg,1,Jaeger-LeCoultre Reverso Handaufzug 40.1mm,active
jaeger-lecoultre-reverso-handaufzug-40-1mm-p446,,,,,,,,,,,,,,,,,https://hahn-vo-df1c.vercel.app/assets/products/p446/1.jpg,2,Jaeger-LeCoultre Reverso Handaufzug 40.1mm,
jaeger-lecoultre-reverso-handaufzug-40-1mm-p446,,,,,,,,,,,,,,,,,https://hahn-vo-df1c.vercel.app/assets/products/p446/2.jpg,3,Jaeger-LeCoultre Reverso Handaufzug 40.1mm,
jaeger-lecoultre-reverso-handaufzug-40-1mm-p446,,,,,,,,,,,,,,,,,https://hahn-vo-df1c.vercel.app/assets/products/p446/3.jpg,4,Jaeger-LeCoultre Reverso Handaufzug 40.1mm,
jaeger-lecoultre-reverso-handaufzug-40-1mm-p446,,,,,,,,,,,,,,,,,https://hahn-vo-df1c.vercel.app/assets/products/p446/4.jpg,5,Jaeger-LeCoultre Reverso Handaufzug 40.1mm,
jaeger-lecoultre-reverso-handaufzug-40-1mm-p446,,,,,,,,,,,,,,,,,https://hahn-vo-df1c.vercel.app/assets/products/p446/5.jpg,6,Jaeger-LeCoultre Reverso Handaufzug 40.1mm,
longines-saint-imier-chronograph-41mm-p441,Longines Saint-Imier Chronograph 41mm,"<p>Hier präsentieren wir die Rolex Longines Saint-Imier Chronograph. Unsere Bilder sind unbearbeitet und zeigen jedes Detail – mehr, als das bloße Auge wahrnimmt.</p><table><tr><th align=""left"" style=""padding:4px 18px 4px 0"">Interner Code</th><td>HV-441</td></tr><tr><th align=""left"" style=""padding:4px 18px 4px 0"">Referenz</th><td>L2.752.4.72.6</td></tr><tr><th align=""left"" style=""padding:4px 18px 4px 0"">Durchmesser</th><td>41 mm</td></tr><tr><th align=""left"" style=""padding:4px 18px 4px 0"">Gehäuse</th><td>Edelstahl</td></tr><tr><th align=""left"" style=""padding:4px 18px 4px 0"">Zifferblatt</th><td>Weiß</td></tr><tr><th align=""left"" style=""padding:4px 18px 4px 0"">Band</th><td>Edelstahl</td></tr><tr><th align=""left"" style=""padding:4px 18px 4px 0"">Werk</th><td>Automatik</td></tr><tr><th align=""left"" style=""padding:4px 18px 4px 0"">Zustand</th><td>Sehr gut</td></tr></table><p>Jede Uhr wird vor dem Verkauf geprüft. 12 Monate Garantie auf das Werk, 14 Tage Rückgaberecht. Versand: Deutschland kostenfrei, Europa 79 €, weltweit 150 € — oder persönliche Übergabe in unserem Showroom in Frankfurt.</p><p><strong>Bei Zahlung per Überweisung bitte als Verwendungszweck angeben: HV-441</strong></p>",Longines,Armbanduhr,"Longines, L2.752.4.72.6, Sehr gut",TRUE,Titel,Einzelstück,HV-P441,shopify,1,deny,manual,1850,TRUE,TRUE,https://hahn-vo-df1c.vercel.app/assets/products/p441/0.jpg,1,Longines Saint-Imier Chronograph 41mm,active
longines-saint-imier-chronograph-41mm-p441,,,,,,,,,,,,,,,,,https://hahn-vo-df1c.vercel.app/assets/products/p441/1.jpg,2,Longines Saint-Imier Chronograph 41mm,
longines-saint-imier-chronograph-41mm-p441,,,,,,,,,,,,,,,,,https://hahn-vo-df1c.vercel.app/assets/products/p441/2.jpg,3,Longines Saint-Imier Chronograph 41mm,
longines-saint-imier-chronograph-41mm-p441,,,,,,,,,,,,,,,,,https://hahn-vo-df1c.vercel.app/assets/products/p441/3.jpg,4,Longines Saint-Imier Chronograph 41mm,
longines-saint-imier-chronograph-41mm-p441,,,,,,,,,,,,,,,,,https://hahn-vo-df1c.vercel.app/assets/products/p441/4.jpg,5,Longines Saint-Imier Chronograph 41mm,
longines-saint-imier-chronograph-41mm-p441,,,,,,,,,,,,,,,,,https://hahn-vo-df1c.vercel.app/assets/products/p441/5.jpg,6,Longines Saint-Imier Chronograph 41mm,
breitling-avenger-chronograph-p440,Breitling Avenger Chronograph,"<p>Hier präsentieren wir die Breitling Avenger Chronograph aus dem Jahr 2021 im Full Set. Unsere Bilder sind unbearbeitet und zeigen jedes Detail – mehr, als das bloße Auge wahrnimmt.</p><table><tr><th align=""left"" style=""padding:4px 18px 4px 0"">Interner Code</th><td>HV-440</td></tr><tr><th align=""left"" style=""padding:4px 18px 4px 0"">Referenz</th><td>A13385101C1A1</td></tr><tr><th align=""left"" style=""padding:4px 18px 4px 0"">Baujahr</th><td>2021</td></tr><tr><th align=""left"" style=""padding:4px 18px 4px 0"">Durchmesser</th><td>43 mm</td></tr><tr><th align=""left"" style=""padding:4px 18px 4px 0"">Gehäuse</th><td>Edelstahl</td></tr><tr><th align=""left"" style=""padding:4px 18px 4px 0"">Zifferblatt</th><td>Blau</td></tr><tr><th align=""left"" style=""padding:4px 18px 4px 0"">Band</th><td>Edelstahl</td></tr><tr><th align=""left"" style=""padding:4px 18px 4px 0"">Werk</th><td>Automatik</td></tr><tr><th align=""left"" style=""padding:4px 18px 4px 0"">Lieferumfang</th><td>Full Set, Papiere, Box</td></tr><tr><th align=""left"" style=""padding:4px 18px 4px 0"">Zustand</th><td>Sehr gut</td></tr></table><p>Jede Uhr wird vor dem Verkauf geprüft. 12 Monate Garantie auf das Werk, 14 Tage Rückgaberecht. Versand: Deutschland kostenfrei, Europa 79 €, weltweit 150 € — oder persönliche Übergabe in unserem Showroom in Frankfurt.</p><p><strong>Bei Zahlung per Überweisung bitte als Verwendungszweck angeben: HV-440</strong></p>",Breitling,Armbanduhr,"Breitling, A13385101C1A1, 2021, Sehr gut, Full Set",TRUE,Titel,Einzelstück,HV-P440,shopify,1,deny,manual,3390,TRUE,TRUE,https://hahn-vo-df1c.vercel.app/assets/products/p440/0.jpg,1,Breitling Avenger Chronograph,active
breitling-avenger-chronograph-p440,,,,,,,,,,,,,,,,,https://hahn-vo-df1c.vercel.app/assets/products/p440/1.jpg,2,Breitling Avenger Chronograph,
breitling-avenger-chronograph-p440,,,,,,,,,,,,,,,,,https://hahn-vo-df1c.vercel.app/assets/products/p440/2.jpg,3,Breitling Avenger Chronograph,
breitling-avenger-chronograph-p440,,,,,,,,,,,,,,,,,https://hahn-vo-df1c.vercel.app/assets/products/p440/3.jpg,4,Breitling Avenger Chronograph,
breitling-avenger-chronograph-p440,,,,,,,,,,,,,,,,,https://hahn-vo-df1c.vercel.app/assets/products/p440/4.jpg,5,Breitling Avenger Chronograph,
breitling-avenger-chronograph-p440,,,,,,,,,,,,,,,,,https://hahn-vo-df1c.vercel.app/assets/products/p440/5.jpg,6,Breitling Avenger Chronograph,
rolex-oyster-perpetual-34-mm-med-blue-p435,Rolex Oyster Perpetual 34 mm Med Blue,"<p>Hier präsentieren wir die Rolex Oyster Perpetual 34 aus dem Jahr 2026 im Full Set. Unsere Bilder sind unbearbeitet und zeigen jedes Detail – mehr, als das bloße Auge wahrnimmt.</p><table><tr><th align=""left"" style=""padding:4px 18px 4px 0"">Interner Code</th><td>HV-435</td></tr><tr><th align=""left"" style=""padding:4px 18px 4px 0"">Referenz</th><td>124200</td></tr><tr><th align=""left"" style=""padding:4px 18px 4px 0"">Baujahr</th><td>05/2026</td></tr><tr><th align=""left"" style=""padding:4px 18px 4px 0"">Durchmesser</th><td>34 mm</td></tr><tr><th align=""left"" style=""padding:4px 18px 4px 0"">Gehäuse</th><td>Edelstahl 904L</td></tr><tr><th align=""left"" style=""padding:4px 18px 4px 0"">Zifferblatt</th><td>Blau</td></tr><tr><th align=""left"" style=""padding:4px 18px 4px 0"">Band</th><td>Edelstahl 904L</td></tr><tr><th align=""left"" style=""padding:4px 18px 4px 0"">Werk</th><td>Automatik</td></tr><tr><th align=""left"" style=""padding:4px 18px 4px 0"">Lieferumfang</th><td>Full Set, Papiere, Box</td></tr><tr><th align=""left"" style=""padding:4px 18px 4px 0"">Zustand</th><td>Neuwertig & Ungetragen</td></tr></table><p>Jede Uhr wird vor dem Verkauf geprüft. 12 Monate Garantie auf das Werk, 14 Tage Rückgaberecht. Versand: Deutschland kostenfrei, Europa 79 €, weltweit 150 € — oder persönliche Übergabe in unserem Showroom in Frankfurt.</p><p><strong>Bei Zahlung per Überweisung bitte als Verwendungszweck angeben: HV-435</strong></p>",Rolex,Armbanduhr,"Rolex, 124200, 05/2026, Neuwertig & Ungetragen, Full Set",TRUE,Titel,Einzelstück,HV-P435,shopify,1,deny,manual,7490,TRUE,TRUE,https://hahn-vo-df1c.vercel.app/assets/products/p435/0.jpg,1,Rolex Oyster Perpetual 34 mm Med Blue,active
rolex-oyster-perpetual-34-mm-med-blue-p435,,,,,,,,,,,,,,,,,https://hahn-vo-df1c.vercel.app/assets/products/p435/1.jpg,2,Rolex Oyster Perpetual 34 mm Med Blue,
rolex-oyster-perpetual-34-mm-med-blue-p435,,,,,,,,,,,,,,,,,https://hahn-vo-df1c.vercel.app/assets/products/p435/2.jpg,3,Rolex Oyster Perpetual 34 mm Med Blue,
rolex-oyster-perpetual-34-mm-med-blue-p435,,,,,,,,,,,,,,,,,https://hahn-vo-df1c.vercel.app/assets/products/p435/3.jpg,4,Rolex Oyster Perpetual 34 mm Med Blue,
rolex-oyster-perpetual-34-mm-med-blue-p435,,,,,,,,,,,,,,,,,https://hahn-vo-df1c.vercel.app/assets/products/p435/4.jpg,5,Rolex Oyster Perpetual 34 mm Med Blue,
rolex-oyster-perpetual-34-mm-med-blue-p435,,,,,,,,,,,,,,,,,https://hahn-vo-df1c.vercel.app/assets/products/p435/5.jpg,6,Rolex Oyster Perpetual 34 mm Med Blue,
nomos-ludwig-34mm-205-handaufzug-p434,Nomos Ludwig 34mm 205 Handaufzug,"<p>Hier präsentieren wir die Nomos Luwdwig aus dem Jahr 2011 im Full Set. Unsere Bilder sind unbearbeitet und zeigen jedes Detail – mehr, als das bloße Auge wahrnimmt.</p><table><tr><th align=""left"" style=""padding:4px 18px 4px 0"">Interner Code</th><td>HV-434</td></tr><tr><th align=""left"" style=""padding:4px 18px 4px 0"">Baujahr</th><td>2011</td></tr><tr><th align=""left"" style=""padding:4px 18px 4px 0"">Durchmesser</th><td>34 mm</td></tr><tr><th align=""left"" style=""padding:4px 18px 4px 0"">Gehäuse</th><td>Edelstahl</td></tr><tr><th align=""left"" style=""padding:4px 18px 4px 0"">Zifferblatt</th><td>Weiß</td></tr><tr><th align=""left"" style=""padding:4px 18px 4px 0"">Band</th><td>Leder (stark gebraucht)</td></tr><tr><th align=""left"" style=""padding:4px 18px 4px 0"">Werk</th><td>Handaufzug</td></tr><tr><th align=""left"" style=""padding:4px 18px 4px 0"">Lieferumfang</th><td>Full Set, Papiere, Box</td></tr><tr><th align=""left"" style=""padding:4px 18px 4px 0"">Zustand</th><td>Sehr gut</td></tr></table><p>Jede Uhr wird vor dem Verkauf geprüft. 12 Monate Garantie auf das Werk, 14 Tage Rückgaberecht. Versand: Deutschland kostenfrei, Europa 79 €, weltweit 150 € — oder persönliche Übergabe in unserem Showroom in Frankfurt.</p><p><strong>Bei Zahlung per Überweisung bitte als Verwendungszweck angeben: HV-434</strong></p>",Nomos,Armbanduhr,"Nomos, 2011, Sehr gut, Full Set",TRUE,Titel,Einzelstück,HV-P434,shopify,1,deny,manual,1190,TRUE,TRUE,https://hahn-vo-df1c.vercel.app/assets/products/p434/0.jpg,1,Nomos Ludwig 34mm 205 Handaufzug,active
nomos-ludwig-34mm-205-handaufzug-p434,,,,,,,,,,,,,,,,,https://hahn-vo-df1c.vercel.app/assets/products/p434/1.jpg,2,Nomos Ludwig 34mm 205 Handaufzug,
nomos-ludwig-34mm-205-handaufzug-p434,,,,,,,,,,,,,,,,,https://hahn-vo-df1c.vercel.app/assets/products/p434/2.jpg,3,Nomos Ludwig 34mm 205 Handaufzug,
nomos-ludwig-34mm-205-handaufzug-p434,,,,,,,,,,,,,,,,,https://hahn-vo-df1c.vercel.app/assets/products/p434/3.jpg,4,Nomos Ludwig 34mm 205 Handaufzug,
nomos-ludwig-34mm-205-handaufzug-p434,,,,,,,,,,,,,,,,,https://hahn-vo-df1c.vercel.app/assets/products/p434/4.jpg,5,Nomos Ludwig 34mm 205 Handaufzug,
nomos-ludwig-34mm-205-handaufzug-p434,,,,,,,,,,,,,,,,,https://hahn-vo-df1c.vercel.app/assets/products/p434/5.jpg,6,Nomos Ludwig 34mm 205 Handaufzug,
tudor-royal-34-mm-p427,Tudor Royal 34 mm,"<p>Hier präsentieren wir die Tudor Royal 34 aus dem Jahr 2021 im Full Set. Unsere Bilder sind unbearbeitet und zeigen jedes Detail – mehr, als das bloße Auge wahrnimmt.</p><table><tr><th align=""left"" style=""padding:4px 18px 4px 0"">Interner Code</th><td>HV-427</td></tr><tr><th align=""left"" style=""padding:4px 18px 4px 0"">Referenz</th><td>28400</td></tr><tr><th align=""left"" style=""padding:4px 18px 4px 0"">Baujahr</th><td>2021</td></tr><tr><th align=""left"" style=""padding:4px 18px 4px 0"">Durchmesser</th><td>34 mm</td></tr><tr><th align=""left"" style=""padding:4px 18px 4px 0"">Gehäuse</th><td>Edelstahl</td></tr><tr><th align=""left"" style=""padding:4px 18px 4px 0"">Zifferblatt</th><td>Blau</td></tr><tr><th align=""left"" style=""padding:4px 18px 4px 0"">Band</th><td>Edelstahl</td></tr><tr><th align=""left"" style=""padding:4px 18px 4px 0"">Werk</th><td>Automatik</td></tr><tr><th align=""left"" style=""padding:4px 18px 4px 0"">Lieferumfang</th><td>Full Set, Papiere, Box</td></tr><tr><th align=""left"" style=""padding:4px 18px 4px 0"">Zustand</th><td>Gut</td></tr></table><p>Jede Uhr wird vor dem Verkauf geprüft. 12 Monate Garantie auf das Werk, 14 Tage Rückgaberecht. Versand: Deutschland kostenfrei, Europa 79 €, weltweit 150 € — oder persönliche Übergabe in unserem Showroom in Frankfurt.</p><p><strong>Bei Zahlung per Überweisung bitte als Verwendungszweck angeben: HV-427</strong></p>",Tudor,Armbanduhr,"Tudor, 28400, 2021, Gut, Full Set",TRUE,Titel,Einzelstück,HV-P427,shopify,1,deny,manual,1890,TRUE,TRUE,https://hahn-vo-df1c.vercel.app/assets/products/p427/0.jpg,1,Tudor Royal 34 mm,active
tudor-royal-34-mm-p427,,,,,,,,,,,,,,,,,https://hahn-vo-df1c.vercel.app/assets/products/p427/1.jpg,2,Tudor Royal 34 mm,
tudor-royal-34-mm-p427,,,,,,,,,,,,,,,,,https://hahn-vo-df1c.vercel.app/assets/products/p427/2.jpg,3,Tudor Royal 34 mm,
tudor-royal-34-mm-p427,,,,,,,,,,,,,,,,,https://hahn-vo-df1c.vercel.app/assets/products/p427/3.jpg,4,Tudor Royal 34 mm,
tudor-royal-34-mm-p427,,,,,,,,,,,,,,,,,https://hahn-vo-df1c.vercel.app/assets/products/p427/4.jpg,5,Tudor Royal 34 mm,
tudor-royal-34-mm-p427,,,,,,,,,,,,,,,,,https://hahn-vo-df1c.vercel.app/assets/products/p427/5.jpg,6,Tudor Royal 34 mm,
tudor-black-bay-36-st-gg-p426,Tudor Black Bay 36 St/GG,"<p>Hier präsentieren wir die Tudor Black Bay Stahl/Gold aus dem Jahr 2022 im Full Set. Unsere Bilder sind unbearbeitet und zeigen jedes Detail – mehr, als das bloße Auge wahrnimmt.</p><table><tr><th align=""left"" style=""padding:4px 18px 4px 0"">Interner Code</th><td>HV-426</td></tr><tr><th align=""left"" style=""padding:4px 18px 4px 0"">Referenz</th><td>79503</td></tr><tr><th align=""left"" style=""padding:4px 18px 4px 0"">Baujahr</th><td>2022</td></tr><tr><th align=""left"" style=""padding:4px 18px 4px 0"">Durchmesser</th><td>36 mm</td></tr><tr><th align=""left"" style=""padding:4px 18px 4px 0"">Gehäuse</th><td>Edelstahl/Gelbgold</td></tr><tr><th align=""left"" style=""padding:4px 18px 4px 0"">Zifferblatt</th><td>Schwarz</td></tr><tr><th align=""left"" style=""padding:4px 18px 4px 0"">Band</th><td>Edelstahl/Gelbgold</td></tr><tr><th align=""left"" style=""padding:4px 18px 4px 0"">Werk</th><td>Automatik</td></tr><tr><th align=""left"" style=""padding:4px 18px 4px 0"">Lieferumfang</th><td>Full Set, Papiere, Box</td></tr><tr><th align=""left"" style=""padding:4px 18px 4px 0"">Zustand</th><td>Sehr gut</td></tr></table><p>Jede Uhr wird vor dem Verkauf geprüft. 12 Monate Garantie auf das Werk, 14 Tage Rückgaberecht. Versand: Deutschland kostenfrei, Europa 79 €, weltweit 150 € — oder persönliche Übergabe in unserem Showroom in Frankfurt.</p><p><strong>Bei Zahlung per Überweisung bitte als Verwendungszweck angeben: HV-426</strong></p>",Tudor,Armbanduhr,"Tudor, 79503, 2022, Sehr gut, Full Set",TRUE,Titel,Einzelstück,HV-P426,shopify,1,deny,manual,3390,TRUE,TRUE,https://hahn-vo-df1c.vercel.app/assets/products/p426/0.jpg,1,Tudor Black Bay 36 St/GG,active
tudor-black-bay-36-st-gg-p426,,,,,,,,,,,,,,,,,https://hahn-vo-df1c.vercel.app/assets/products/p426/1.jpg,2,Tudor Black Bay 36 St/GG,
tudor-black-bay-36-st-gg-p426,,,,,,,,,,,,,,,,,https://hahn-vo-df1c.vercel.app/assets/products/p426/2.jpg,3,Tudor Black Bay 36 St/GG,
tudor-black-bay-36-st-gg-p426,,,,,,,,,,,,,,,,,https://hahn-vo-df1c.vercel.app/assets/products/p426/3.jpg,4,Tudor Black Bay 36 St/GG,
tudor-black-bay-36-st-gg-p426,,,,,,,,,,,,,,,,,https://hahn-vo-df1c.vercel.app/assets/products/p426/4.jpg,5,Tudor Black Bay 36 St/GG,
tudor-black-bay-36-st-gg-p426,,,,,,,,,,,,,,,,,https://hahn-vo-df1c.vercel.app/assets/products/p426/5.jpg,6,Tudor Black Bay 36 St/GG,
iwc-portofino-8-days-blau-p420,IWC Portofino 8 days Blau,"<p>Hier präsentieren wir die IWC Portofino 8 Days aus dem Jahr 2015 im Full Set. Unsere Bilder sind unbearbeitet und zeigen jedes Detail – mehr, als das bloße Auge wahrnimmt.</p><table><tr><th align=""left"" style=""padding:4px 18px 4px 0"">Interner Code</th><td>HV-420</td></tr><tr><th align=""left"" style=""padding:4px 18px 4px 0"">Referenz</th><td>IW510106</td></tr><tr><th align=""left"" style=""padding:4px 18px 4px 0"">Baujahr</th><td>2015</td></tr><tr><th align=""left"" style=""padding:4px 18px 4px 0"">Durchmesser</th><td>45 mm</td></tr><tr><th align=""left"" style=""padding:4px 18px 4px 0"">Gehäuse</th><td>Edelstahl</td></tr><tr><th align=""left"" style=""padding:4px 18px 4px 0"">Zifferblatt</th><td>Blau</td></tr><tr><th align=""left"" style=""padding:4px 18px 4px 0"">Band</th><td>Leder</td></tr><tr><th align=""left"" style=""padding:4px 18px 4px 0"">Werk</th><td>Handaufzug</td></tr><tr><th align=""left"" style=""padding:4px 18px 4px 0"">Lieferumfang</th><td>Full Set, Papiere, Box</td></tr><tr><th align=""left"" style=""padding:4px 18px 4px 0"">Zustand</th><td>Gut</td></tr></table><p>Jede Uhr wird vor dem Verkauf geprüft. 12 Monate Garantie auf das Werk, 14 Tage Rückgaberecht. Versand: Deutschland kostenfrei, Europa 79 €, weltweit 150 € — oder persönliche Übergabe in unserem Showroom in Frankfurt.</p><p><strong>Bei Zahlung per Überweisung bitte als Verwendungszweck angeben: HV-420</strong></p>",IWC,Armbanduhr,"IWC, IW510106, 2015, Gut, Full Set",TRUE,Titel,Einzelstück,HV-P420,shopify,1,deny,manual,5190,TRUE,TRUE,https://hahn-vo-df1c.vercel.app/assets/products/p420/0.jpg,1,IWC Portofino 8 days Blau,active
iwc-portofino-8-days-blau-p420,,,,,,,,,,,,,,,,,https://hahn-vo-df1c.vercel.app/assets/products/p420/1.jpg,2,IWC Portofino 8 days Blau,
iwc-portofino-8-days-blau-p420,,,,,,,,,,,,,,,,,https://hahn-vo-df1c.vercel.app/assets/products/p420/2.jpg,3,IWC Portofino 8 days Blau,
iwc-portofino-8-days-blau-p420,,,,,,,,,,,,,,,,,https://hahn-vo-df1c.vercel.app/assets/products/p420/3.jpg,4,IWC Portofino 8 days Blau,
iwc-portofino-8-days-blau-p420,,,,,,,,,,,,,,,,,https://hahn-vo-df1c.vercel.app/assets/products/p420/4.jpg,5,IWC Portofino 8 days Blau,
iwc-portofino-8-days-blau-p420,,,,,,,,,,,,,,,,,https://hahn-vo-df1c.vercel.app/assets/products/p420/5.jpg,6,IWC Portofino 8 days Blau,
breitling-navitimer-b01-chronograph-p415,Breitling Navitimer B01 Chronograph,"<p>Hier präsentieren wir die Breitling Navitimer B01 Chronograph im Full Set mit frischer Garantie (April 2026). Der aktuelle Breitling-Listenpreis liegt bei 9.350 Euro. Unsere Bilder sind unbearbeitet und zeigen jedes Detail – mehr, als das bloße Auge wahrnimmt.</p><table><tr><th align=""left"" style=""padding:4px 18px 4px 0"">Interner Code</th><td>HV-415</td></tr><tr><th align=""left"" style=""padding:4px 18px 4px 0"">Referenz</th><td>AB0121211C1A1</td></tr><tr><th align=""left"" style=""padding:4px 18px 4px 0"">Baujahr</th><td>2018</td></tr><tr><th align=""left"" style=""padding:4px 18px 4px 0"">Durchmesser</th><td>43 mm</td></tr><tr><th align=""left"" style=""padding:4px 18px 4px 0"">Gehäuse</th><td>Edelstahl</td></tr><tr><th align=""left"" style=""padding:4px 18px 4px 0"">Zifferblatt</th><td>Blau</td></tr><tr><th align=""left"" style=""padding:4px 18px 4px 0"">Band</th><td>Edelstahl</td></tr><tr><th align=""left"" style=""padding:4px 18px 4px 0"">Werk</th><td>Automatik (B01 Manufakturwerk)</td></tr><tr><th align=""left"" style=""padding:4px 18px 4px 0"">Lieferumfang</th><td>Full Set, Papiere, Box</td></tr><tr><th align=""left"" style=""padding:4px 18px 4px 0"">Zustand</th><td>Sehr gut</td></tr></table><p>Jede Uhr wird vor dem Verkauf geprüft. 12 Monate Garantie auf das Werk, 14 Tage Rückgaberecht. Versand: Deutschland kostenfrei, Europa 79 €, weltweit 150 € — oder persönliche Übergabe in unserem Showroom in Frankfurt.</p><p><strong>Bei Zahlung per Überweisung bitte als Verwendungszweck angeben: HV-415</strong></p>",Breitling,Armbanduhr,"Breitling, AB0121211C1A1, 2018, Sehr gut, Full Set",TRUE,Titel,Einzelstück,HV-P415,shopify,1,deny,manual,5550,TRUE,TRUE,https://hahn-vo-df1c.vercel.app/assets/products/p415/0.jpg,1,Breitling Navitimer B01 Chronograph,active
breitling-navitimer-b01-chronograph-p415,,,,,,,,,,,,,,,,,https://hahn-vo-df1c.vercel.app/assets/products/p415/1.jpg,2,Breitling Navitimer B01 Chronograph,
breitling-navitimer-b01-chronograph-p415,,,,,,,,,,,,,,,,,https://hahn-vo-df1c.vercel.app/assets/products/p415/2.jpg,3,Breitling Navitimer B01 Chronograph,
breitling-navitimer-b01-chronograph-p415,,,,,,,,,,,,,,,,,https://hahn-vo-df1c.vercel.app/assets/products/p415/3.jpg,4,Breitling Navitimer B01 Chronograph,
breitling-navitimer-b01-chronograph-p415,,,,,,,,,,,,,,,,,https://hahn-vo-df1c.vercel.app/assets/products/p415/4.jpg,5,Breitling Navitimer B01 Chronograph,
breitling-navitimer-b01-chronograph-p415,,,,,,,,,,,,,,,,,https://hahn-vo-df1c.vercel.app/assets/products/p415/5.jpg,6,Breitling Navitimer B01 Chronograph,
tudor-black-bay-heritage-41-luenette-rot-p413,Tudor Black Bay Heritage 41 Lünette rot,"<p>Hier präsentieren wir die Tudor Black Bay Heritage 41. Unsere Bilder sind unbearbeitet und zeigen jedes Detail – mehr, als das bloße Auge wahrnimmt.</p><table><tr><th align=""left"" style=""padding:4px 18px 4px 0"">Interner Code</th><td>HV-413</td></tr><tr><th align=""left"" style=""padding:4px 18px 4px 0"">Referenz</th><td>79230R-0003</td></tr><tr><th align=""left"" style=""padding:4px 18px 4px 0"">Durchmesser</th><td>41 mm</td></tr><tr><th align=""left"" style=""padding:4px 18px 4px 0"">Gehäuse</th><td>Edelstahl</td></tr><tr><th align=""left"" style=""padding:4px 18px 4px 0"">Zifferblatt</th><td>Schwarz</td></tr><tr><th align=""left"" style=""padding:4px 18px 4px 0"">Band</th><td>Edelstahl</td></tr><tr><th align=""left"" style=""padding:4px 18px 4px 0"">Werk</th><td>Automatik</td></tr><tr><th align=""left"" style=""padding:4px 18px 4px 0"">Lieferumfang</th><td>Box</td></tr><tr><th align=""left"" style=""padding:4px 18px 4px 0"">Zustand</th><td>Sehr gut</td></tr></table><p>Jede Uhr wird vor dem Verkauf geprüft. 12 Monate Garantie auf das Werk, 14 Tage Rückgaberecht. Versand: Deutschland kostenfrei, Europa 79 €, weltweit 150 € — oder persönliche Übergabe in unserem Showroom in Frankfurt.</p><p><strong>Bei Zahlung per Überweisung bitte als Verwendungszweck angeben: HV-413</strong></p>",Tudor,Armbanduhr,"Tudor, 79230R-0003, Sehr gut",TRUE,Titel,Einzelstück,HV-P413,shopify,1,deny,manual,2550,TRUE,TRUE,https://hahn-vo-df1c.vercel.app/assets/products/p413/0.jpg,1,Tudor Black Bay Heritage 41 Lünette rot,active
tudor-black-bay-heritage-41-luenette-rot-p413,,,,,,,,,,,,,,,,,https://hahn-vo-df1c.vercel.app/assets/products/p413/1.jpg,2,Tudor Black Bay Heritage 41 Lünette rot,
tudor-black-bay-heritage-41-luenette-rot-p413,,,,,,,,,,,,,,,,,https://hahn-vo-df1c.vercel.app/assets/products/p413/2.jpg,3,Tudor Black Bay Heritage 41 Lünette rot,
tudor-black-bay-heritage-41-luenette-rot-p413,,,,,,,,,,,,,,,,,https://hahn-vo-df1c.vercel.app/assets/products/p413/3.jpg,4,Tudor Black Bay Heritage 41 Lünette rot,
tudor-black-bay-heritage-41-luenette-rot-p413,,,,,,,,,,,,,,,,,https://hahn-vo-df1c.vercel.app/assets/products/p413/4.jpg,5,Tudor Black Bay Heritage 41 Lünette rot,
tudor-black-bay-heritage-41-luenette-rot-p413,,,,,,,,,,,,,,,,,https://hahn-vo-df1c.vercel.app/assets/products/p413/5.jpg,6,Tudor Black Bay Heritage 41 Lünette rot,
breitling-avenger-ii-gmt-automatik-lederband-breitling-p412,Breitling Avenger II GMT Automatik Lederband Breitling,"<p>Hier kommt die Breitling Avenger II GMT. Für alle, die nicht nur eine, sondern gleich zwei Zeitzonen im Griff haben wollen. Natürlich inklusive originaler Box, damit sie sich auch nach dem Flug stilvoll ausruhen kann. Unsere Bilder sind unbearbeitet und zeigen jedes Detail – mehr, als das bloße Auge wahrnimmt.</p><table><tr><th align=""left"" style=""padding:4px 18px 4px 0"">Interner Code</th><td>HV-412</td></tr><tr><th align=""left"" style=""padding:4px 18px 4px 0"">Referenz</th><td>A32390</td></tr><tr><th align=""left"" style=""padding:4px 18px 4px 0"">Durchmesser</th><td>43 mm</td></tr><tr><th align=""left"" style=""padding:4px 18px 4px 0"">Gehäuse</th><td>Edelstahl</td></tr><tr><th align=""left"" style=""padding:4px 18px 4px 0"">Zifferblatt</th><td>Schwarz</td></tr><tr><th align=""left"" style=""padding:4px 18px 4px 0"">Band</th><td>Leder</td></tr><tr><th align=""left"" style=""padding:4px 18px 4px 0"">Werk</th><td>Automatik</td></tr><tr><th align=""left"" style=""padding:4px 18px 4px 0"">Lieferumfang</th><td>Box</td></tr><tr><th align=""left"" style=""padding:4px 18px 4px 0"">Zustand</th><td>Sehr gut</td></tr></table><p>Jede Uhr wird vor dem Verkauf geprüft. 12 Monate Garantie auf das Werk, 14 Tage Rückgaberecht. Versand: Deutschland kostenfrei, Europa 79 €, weltweit 150 € — oder persönliche Übergabe in unserem Showroom in Frankfurt.</p><p><strong>Bei Zahlung per Überweisung bitte als Verwendungszweck angeben: HV-412</strong></p>",Breitling,Armbanduhr,"Breitling, A32390, Sehr gut",TRUE,Titel,Einzelstück,HV-P412,shopify,1,deny,manual,2250,TRUE,TRUE,https://hahn-vo-df1c.vercel.app/assets/products/p412/0.jpg,1,Breitling Avenger II GMT Automatik Lederband Breitling,active
breitling-avenger-ii-gmt-automatik-lederband-breitling-p412,,,,,,,,,,,,,,,,,https://hahn-vo-df1c.vercel.app/assets/products/p412/1.jpg,2,Breitling Avenger II GMT Automatik Lederband Breitling,
baume-mercier-hampton-aus-18k-weissgold-p408,Baume & Mercier Hampton aus 18K Weißgold,"<p>Hier präsentieren wir die Baume & Mercier Hampton im Full Set. Die Uhr besteht aus 18-karätigem Weißgold und ist äußerst selten. Unsere Bilder sind unbearbeitet und zeigen jedes Detail – mehr, als das bloße Auge wahrnimmt.</p><table><tr><th align=""left"" style=""padding:4px 18px 4px 0"">Interner Code</th><td>HV-408</td></tr><tr><th align=""left"" style=""padding:4px 18px 4px 0"">Referenz</th><td>MV045226</td></tr><tr><th align=""left"" style=""padding:4px 18px 4px 0"">Durchmesser</th><td>26 x 40 mm Gehäusematerial: Weißgold Armbandmaterial: Leder</td></tr><tr><th align=""left"" style=""padding:4px 18px 4px 0"">Gehäuse</th><td>Weißgold Armbandmaterial: Leder Armbandfarbe: Blau Zifferbla</td></tr><tr><th align=""left"" style=""padding:4px 18px 4px 0"">Zifferblatt</th><td>Weiß Referenznummer: MV045226 Uhrwerk: Quarz Originale Baume</td></tr><tr><th align=""left"" style=""padding:4px 18px 4px 0"">Band</th><td>Leder Armbandfarbe: Blau Zifferblattfarbe: Weiß Referenznumm</td></tr><tr><th align=""left"" style=""padding:4px 18px 4px 0"">Werk</th><td>Quarz Originale Baume & Mercier Papiere ( Die Garantiekarte</td></tr><tr><th align=""left"" style=""padding:4px 18px 4px 0"">Lieferumfang</th><td>Full Set, Garantiekarte</td></tr><tr><th align=""left"" style=""padding:4px 18px 4px 0"">Zustand</th><td>Sehr gut Gehäusedurchmesser: 26 x 40 mm Gehäusematerial: Wei</td></tr></table><p>Jede Uhr wird vor dem Verkauf geprüft. 12 Monate Garantie auf das Werk, 14 Tage Rückgaberecht. Versand: Deutschland kostenfrei, Europa 79 €, weltweit 150 € — oder persönliche Übergabe in unserem Showroom in Frankfurt.</p><p><strong>Bei Zahlung per Überweisung bitte als Verwendungszweck angeben: HV-408</strong></p>",Baume & Mercier,Armbanduhr,"Baume & Mercier, MV045226, Sehr gut Gehäusedurchmesser: 26 x 40 mm Gehäusematerial: Wei, Full Set",TRUE,Titel,Einzelstück,HV-P408,shopify,1,deny,manual,3490,TRUE,TRUE,https://hahn-vo-df1c.vercel.app/assets/products/p408/0.jpg,1,Baume & Mercier Hampton aus 18K Weißgold,active
baume-mercier-hampton-aus-18k-weissgold-p408,,,,,,,,,,,,,,,,,https://hahn-vo-df1c.vercel.app/assets/products/p408/1.jpg,2,Baume & Mercier Hampton aus 18K Weißgold,
baume-mercier-hampton-aus-18k-weissgold-p408,,,,,,,,,,,,,,,,,https://hahn-vo-df1c.vercel.app/assets/products/p408/2.jpg,3,Baume & Mercier Hampton aus 18K Weißgold,
baume-mercier-hampton-aus-18k-weissgold-p408,,,,,,,,,,,,,,,,,https://hahn-vo-df1c.vercel.app/assets/products/p408/3.jpg,4,Baume & Mercier Hampton aus 18K Weißgold,
baume-mercier-hampton-aus-18k-weissgold-p408,,,,,,,,,,,,,,,,,https://hahn-vo-df1c.vercel.app/assets/products/p408/4.jpg,5,Baume & Mercier Hampton aus 18K Weißgold,
baume-mercier-hampton-aus-18k-weissgold-p408,,,,,,,,,,,,,,,,,https://hahn-vo-df1c.vercel.app/assets/products/p408/5.jpg,6,Baume & Mercier Hampton aus 18K Weißgold,
omega-planet-ocean-39-5-mm-p406,"Omega Planet Ocean 39,5 mm","<p>Hier präsentieren wir die Omega Planet Ocean aus dem Jahr 2020 im Full Set. Unsere Bilder sind unbearbeitet und zeigen jedes Detail – mehr, als das bloße Auge wahrnimmt.</p><table><tr><th align=""left"" style=""padding:4px 18px 4px 0"">Interner Code</th><td>HV-406</td></tr><tr><th align=""left"" style=""padding:4px 18px 4px 0"">Referenz</th><td>215.30.40.20.03.001</td></tr><tr><th align=""left"" style=""padding:4px 18px 4px 0"">Baujahr</th><td>2020</td></tr><tr><th align=""left"" style=""padding:4px 18px 4px 0"">Durchmesser</th><td>39,5 mm</td></tr><tr><th align=""left"" style=""padding:4px 18px 4px 0"">Gehäuse</th><td>Edelstahl</td></tr><tr><th align=""left"" style=""padding:4px 18px 4px 0"">Zifferblatt</th><td>Blau</td></tr><tr><th align=""left"" style=""padding:4px 18px 4px 0"">Band</th><td>Edelstahl</td></tr><tr><th align=""left"" style=""padding:4px 18px 4px 0"">Werk</th><td>Omega 8800 Kaliber</td></tr><tr><th align=""left"" style=""padding:4px 18px 4px 0"">Lieferumfang</th><td>Full Set, Papiere, Box</td></tr><tr><th align=""left"" style=""padding:4px 18px 4px 0"">Zustand</th><td>Gut</td></tr></table><p>Jede Uhr wird vor dem Verkauf geprüft. 12 Monate Garantie auf das Werk, 14 Tage Rückgaberecht. Versand: Deutschland kostenfrei, Europa 79 €, weltweit 150 € — oder persönliche Übergabe in unserem Showroom in Frankfurt.</p><p><strong>Bei Zahlung per Überweisung bitte als Verwendungszweck angeben: HV-406</strong></p>",Omega,Armbanduhr,"Omega, 215.30.40.20.03.001, 2020, Gut, Full Set",TRUE,Titel,Einzelstück,HV-P406,shopify,1,deny,manual,4450,TRUE,TRUE,https://hahn-vo-df1c.vercel.app/assets/products/p406/0.jpg,1,"Omega Planet Ocean 39,5 mm",active
omega-planet-ocean-39-5-mm-p406,,,,,,,,,,,,,,,,,https://hahn-vo-df1c.vercel.app/assets/products/p406/1.jpg,2,"Omega Planet Ocean 39,5 mm",
omega-planet-ocean-39-5-mm-p406,,,,,,,,,,,,,,,,,https://hahn-vo-df1c.vercel.app/assets/products/p406/2.jpg,3,"Omega Planet Ocean 39,5 mm",
omega-planet-ocean-39-5-mm-p406,,,,,,,,,,,,,,,,,https://hahn-vo-df1c.vercel.app/assets/products/p406/3.jpg,4,"Omega Planet Ocean 39,5 mm",
omega-planet-ocean-39-5-mm-p406,,,,,,,,,,,,,,,,,https://hahn-vo-df1c.vercel.app/assets/products/p406/4.jpg,5,"Omega Planet Ocean 39,5 mm",
omega-planet-ocean-39-5-mm-p406,,,,,,,,,,,,,,,,,https://hahn-vo-df1c.vercel.app/assets/products/p406/5.jpg,6,"Omega Planet Ocean 39,5 mm",
hublot-faltschliesse-aus-18-karat-rotgold-fuer-20-mm-bandanstoss-p300,Hublot Faltschließe aus 18 Karat Rotgold für 20 mm Bandanstoß,"<p>Wir bieten hier eine originale Hublot Faltschließe aus 18k Rotgold an. Bandanstoß: 20 mm. Bei weiteren Fragen stehen wir jederzeit zur Verfügung.</p><table><tr><th align=""left"" style=""padding:4px 18px 4px 0"">Interner Code</th><td>HV-300</td></tr></table><p>Jede Uhr wird vor dem Verkauf geprüft. 12 Monate Garantie auf das Werk, 14 Tage Rückgaberecht. Versand: Deutschland kostenfrei, Europa 79 €, weltweit 150 € — oder persönliche Übergabe in unserem Showroom in Frankfurt.</p><p><strong>Bei Zahlung per Überweisung bitte als Verwendungszweck angeben: HV-300</strong></p>",Hublot,Zubehör,Hublot,TRUE,Titel,Einzelstück,HV-P300,shopify,1,deny,manual,2290,TRUE,TRUE,https://hahn-vo-df1c.vercel.app/assets/products/p300/0.jpg,1,Hublot Faltschließe aus 18 Karat Rotgold für 20 mm Bandanstoß,active
hublot-faltschliesse-aus-18-karat-rotgold-fuer-20-mm-bandanstoss-p300,,,,,,,,,,,,,,,,,https://hahn-vo-df1c.vercel.app/assets/products/p300/1.jpg,2,Hublot Faltschließe aus 18 Karat Rotgold für 20 mm Bandanstoß,
hublot-faltschliesse-aus-18-karat-rotgold-fuer-20-mm-bandanstoss-p300,,,,,,,,,,,,,,,,,https://hahn-vo-df1c.vercel.app/assets/products/p300/2.jpg,3,Hublot Faltschließe aus 18 Karat Rotgold für 20 mm Bandanstoß,
iwc-fliegerchronograph-automatik-zifferblatt-schwarz-p292,IWC Fliegerchronograph Automatik Zifferblatt Schwarz,"<p>Hier präsentieren wir eine wahre Ikone von IWC Schaffhausen – den IWC Flieger Chronograph. Alle wichtigen Details auf einen Blick: Gesamtbewertung: Gut Gehäuse: Gut Glas: Sehr gut Lünette: Gut Armband: Gut Schließe: Sehr gut Uhrwerk: Geprüft auf einwandfreies Laufverhalten, kein anstehender Service. Unsere Bilder sind unbearbeitet und zeigen jedes Detail – mehr, als das bloße Auge wahrnimmt.</p><table><tr><th align=""left"" style=""padding:4px 18px 4px 0"">Interner Code</th><td>HV-292</td></tr><tr><th align=""left"" style=""padding:4px 18px 4px 0"">Referenz</th><td>IW377701</td></tr><tr><th align=""left"" style=""padding:4px 18px 4px 0"">Baujahr</th><td>2014</td></tr><tr><th align=""left"" style=""padding:4px 18px 4px 0"">Durchmesser</th><td>43 mm</td></tr><tr><th align=""left"" style=""padding:4px 18px 4px 0"">Gehäuse</th><td>Edelstahl</td></tr><tr><th align=""left"" style=""padding:4px 18px 4px 0"">Zifferblatt</th><td>Schwarz</td></tr><tr><th align=""left"" style=""padding:4px 18px 4px 0"">Band</th><td>Edelstahl</td></tr><tr><th align=""left"" style=""padding:4px 18px 4px 0"">Werk</th><td>Geprüft auf einwandfreies Laufverhalten, kein anstehender Se</td></tr><tr><th align=""left"" style=""padding:4px 18px 4px 0"">Zustand</th><td>Gut</td></tr></table><p>Jede Uhr wird vor dem Verkauf geprüft. 12 Monate Garantie auf das Werk, 14 Tage Rückgaberecht. Versand: Deutschland kostenfrei, Europa 79 €, weltweit 150 € — oder persönliche Übergabe in unserem Showroom in Frankfurt.</p><p><strong>Bei Zahlung per Überweisung bitte als Verwendungszweck angeben: HV-292</strong></p>",IWC,Armbanduhr,"IWC, IW377701, 2014, Gut",TRUE,Titel,Einzelstück,HV-P292,shopify,1,deny,manual,3290,TRUE,TRUE,https://hahn-vo-df1c.vercel.app/assets/products/p292/0.jpg,1,IWC Fliegerchronograph Automatik Zifferblatt Schwarz,active
iwc-fliegerchronograph-automatik-zifferblatt-schwarz-p292,,,,,,,,,,,,,,,,,https://hahn-vo-df1c.vercel.app/assets/products/p292/1.jpg,2,IWC Fliegerchronograph Automatik Zifferblatt Schwarz,
iwc-fliegerchronograph-automatik-zifferblatt-schwarz-p292,,,,,,,,,,,,,,,,,https://hahn-vo-df1c.vercel.app/assets/products/p292/2.jpg,3,IWC Fliegerchronograph Automatik Zifferblatt Schwarz,
iwc-fliegerchronograph-automatik-zifferblatt-schwarz-p292,,,,,,,,,,,,,,,,,https://hahn-vo-df1c.vercel.app/assets/products/p292/3.jpg,4,IWC Fliegerchronograph Automatik Zifferblatt Schwarz,
iwc-fliegerchronograph-automatik-zifferblatt-schwarz-p292,,,,,,,,,,,,,,,,,https://hahn-vo-df1c.vercel.app/assets/products/p292/4.jpg,5,IWC Fliegerchronograph Automatik Zifferblatt Schwarz,
omega-seamaster-planet-ocean-45-mm-p334,Omega Seamaster Planet Ocean 45 mm,"<p>Hier präsentieren wir die Omega Planet Ocean mit original Omegabox. Alle wichtigen Details auf einen Blick: Gesamtbewertung: Sehr gut Gehäuse: Sehr gut Glas: Gut Lünette: Sehr gut Armband: Sehr gut Schließe: Sehr gut Uhrwerk: Geprüft auf einwandfreies Laufverhalten, kein anstehender Service. Unsere Bilder sind unbearbeitet und zeigen jedes Detail – mehr, als das bloße Auge wahrnimmt.</p><table><tr><th align=""left"" style=""padding:4px 18px 4px 0"">Interner Code</th><td>HV-334</td></tr><tr><th align=""left"" style=""padding:4px 18px 4px 0"">Referenz</th><td>2200.50.00</td></tr><tr><th align=""left"" style=""padding:4px 18px 4px 0"">Durchmesser</th><td>45 mm</td></tr><tr><th align=""left"" style=""padding:4px 18px 4px 0"">Gehäuse</th><td>Edelstahl</td></tr><tr><th align=""left"" style=""padding:4px 18px 4px 0"">Zifferblatt</th><td>Schwarz</td></tr><tr><th align=""left"" style=""padding:4px 18px 4px 0"">Band</th><td>Edelstahl</td></tr><tr><th align=""left"" style=""padding:4px 18px 4px 0"">Werk</th><td>Geprüft auf einwandfreies Laufverhalten, kein anstehender Se</td></tr><tr><th align=""left"" style=""padding:4px 18px 4px 0"">Lieferumfang</th><td>Box</td></tr><tr><th align=""left"" style=""padding:4px 18px 4px 0"">Zustand</th><td>Sehr gut</td></tr></table><p>Jede Uhr wird vor dem Verkauf geprüft. 12 Monate Garantie auf das Werk, 14 Tage Rückgaberecht. Versand: Deutschland kostenfrei, Europa 79 €, weltweit 150 € — oder persönliche Übergabe in unserem Showroom in Frankfurt.</p><p><strong>Bei Zahlung per Überweisung bitte als Verwendungszweck angeben: HV-334</strong></p>",Omega,Armbanduhr,"Omega, 2200.50.00, Sehr gut",TRUE,Titel,Einzelstück,HV-P334,shopify,1,deny,manual,2990,TRUE,TRUE,https://hahn-vo-df1c.vercel.app/assets/products/p334/0.jpg,1,Omega Seamaster Planet Ocean 45 mm,active
omega-seamaster-planet-ocean-45-mm-p334,,,,,,,,,,,,,,,,,https://hahn-vo-df1c.vercel.app/assets/products/p334/1.jpg,2,Omega Seamaster Planet Ocean 45 mm,
omega-seamaster-planet-ocean-45-mm-p334,,,,,,,,,,,,,,,,,https://hahn-vo-df1c.vercel.app/assets/products/p334/2.jpg,3,Omega Seamaster Planet Ocean 45 mm,
omega-seamaster-planet-ocean-45-mm-p334,,,,,,,,,,,,,,,,,https://hahn-vo-df1c.vercel.app/assets/products/p334/3.jpg,4,Omega Seamaster Planet Ocean 45 mm,
omega-seamaster-planet-ocean-45-mm-p334,,,,,,,,,,,,,,,,,https://hahn-vo-df1c.vercel.app/assets/products/p334/4.jpg,5,Omega Seamaster Planet Ocean 45 mm,
omega-seamaster-planet-ocean-45-mm-p334,,,,,,,,,,,,,,,,,https://hahn-vo-df1c.vercel.app/assets/products/p334/5.jpg,6,Omega Seamaster Planet Ocean 45 mm,
tag-heuer-link-chronograph-150-stueck-p398,TAG Heuer Link Chronograph 150 Stück,"<p>Hier präsentieren wir die TAG Heuer Link Chronograph aus 2013 mit Garantiekarte. Diese Uhr ist auf nur 150 Stück limitiert. Unsere Bilder sind unbearbeitet und zeigen jedes Detail – mehr, als das bloße Auge wahrnimmt.</p><table><tr><th align=""left"" style=""padding:4px 18px 4px 0"">Interner Code</th><td>HV-398</td></tr><tr><th align=""left"" style=""padding:4px 18px 4px 0"">Baujahr</th><td>2013</td></tr><tr><th align=""left"" style=""padding:4px 18px 4px 0"">Durchmesser</th><td>41 mm</td></tr><tr><th align=""left"" style=""padding:4px 18px 4px 0"">Gehäuse</th><td>Edelstahl</td></tr><tr><th align=""left"" style=""padding:4px 18px 4px 0"">Zifferblatt</th><td>Schwarz</td></tr><tr><th align=""left"" style=""padding:4px 18px 4px 0"">Band</th><td>Edelstahl</td></tr><tr><th align=""left"" style=""padding:4px 18px 4px 0"">Werk</th><td>Automatik (Calibre 16)</td></tr><tr><th align=""left"" style=""padding:4px 18px 4px 0"">Lieferumfang</th><td>Garantiekarte</td></tr><tr><th align=""left"" style=""padding:4px 18px 4px 0"">Zustand</th><td>Gut</td></tr></table><p>Jede Uhr wird vor dem Verkauf geprüft. 12 Monate Garantie auf das Werk, 14 Tage Rückgaberecht. Versand: Deutschland kostenfrei, Europa 79 €, weltweit 150 € — oder persönliche Übergabe in unserem Showroom in Frankfurt.</p><p><strong>Bei Zahlung per Überweisung bitte als Verwendungszweck angeben: HV-398</strong></p>",TAG Heuer,Armbanduhr,"TAG Heuer, 2013, Gut",TRUE,Titel,Einzelstück,HV-P398,shopify,1,deny,manual,1890,TRUE,TRUE,https://hahn-vo-df1c.vercel.app/assets/products/p398/0.jpg,1,TAG Heuer Link Chronograph 150 Stück,active
tag-heuer-link-chronograph-150-stueck-p398,,,,,,,,,,,,,,,,,https://hahn-vo-df1c.vercel.app/assets/products/p398/1.jpg,2,TAG Heuer Link Chronograph 150 Stück,
tag-heuer-link-chronograph-150-stueck-p398,,,,,,,,,,,,,,,,,https://hahn-vo-df1c.vercel.app/assets/products/p398/2.jpg,3,TAG Heuer Link Chronograph 150 Stück,
tag-heuer-link-chronograph-150-stueck-p398,,,,,,,,,,,,,,,,,https://hahn-vo-df1c.vercel.app/assets/products/p398/3.jpg,4,TAG Heuer Link Chronograph 150 Stück,
tag-heuer-link-chronograph-150-stueck-p398,,,,,,,,,,,,,,,,,https://hahn-vo-df1c.vercel.app/assets/products/p398/4.jpg,5,TAG Heuer Link Chronograph 150 Stück,
tag-heuer-link-chronograph-150-stueck-p398,,,,,,,,,,,,,,,,,https://hahn-vo-df1c.vercel.app/assets/products/p398/5.jpg,6,TAG Heuer Link Chronograph 150 Stück,
tag-heuer-carrera-chronograph-p298,TAG Heuer Carrera Chronograph,"<p>Hier präsentieren wir die Tag Heuer Carrera Chronograph aus dem Jahr 2008 im Full Set. Alle wichtigen Details auf einen Blick: - Gesamtbewertung: Gut - Gehäuse: Sehr gut - Glas: Vorne (Sehr gut)/ Hinten Kratzer auf den Saphirglasboden - Lünette: Auffällig (siehe Bilder) - Armband: Sehr gut - Schließe: Sehr gut - Uhrwerk: Geprüft auf einwandfreies Laufverhalten, kein anstehender Service. Unsere Bilder sind unbearbeitet und zeigen jedes Detail – mehr, als das bloße Auge wahrnimmt.</p><table><tr><th align=""left"" style=""padding:4px 18px 4px 0"">Interner Code</th><td>HV-298</td></tr><tr><th align=""left"" style=""padding:4px 18px 4px 0"">Referenz</th><td>CV2010</td></tr><tr><th align=""left"" style=""padding:4px 18px 4px 0"">Baujahr</th><td>2008</td></tr><tr><th align=""left"" style=""padding:4px 18px 4px 0"">Durchmesser</th><td>41 mm</td></tr><tr><th align=""left"" style=""padding:4px 18px 4px 0"">Gehäuse</th><td>Edelstahl</td></tr><tr><th align=""left"" style=""padding:4px 18px 4px 0"">Zifferblatt</th><td>Schwarz</td></tr><tr><th align=""left"" style=""padding:4px 18px 4px 0"">Band</th><td>Edelstahl</td></tr><tr><th align=""left"" style=""padding:4px 18px 4px 0"">Werk</th><td>Geprüft auf einwandfreies Laufverhalten, kein anstehender Se</td></tr><tr><th align=""left"" style=""padding:4px 18px 4px 0"">Lieferumfang</th><td>Full Set</td></tr><tr><th align=""left"" style=""padding:4px 18px 4px 0"">Zustand</th><td>Gut</td></tr></table><p>Jede Uhr wird vor dem Verkauf geprüft. 12 Monate Garantie auf das Werk, 14 Tage Rückgaberecht. Versand: Deutschland kostenfrei, Europa 79 €, weltweit 150 € — oder persönliche Übergabe in unserem Showroom in Frankfurt.</p><p><strong>Bei Zahlung per Überweisung bitte als Verwendungszweck angeben: HV-298</strong></p>",TAG Heuer,Armbanduhr,"TAG Heuer, CV2010, 2008, Gut, Full Set",TRUE,Titel,Einzelstück,HV-P298,shopify,1,deny,manual,1590,TRUE,TRUE,https://hahn-vo-df1c.vercel.app/assets/products/p298/0.jpg,1,TAG Heuer Carrera Chronograph,active
tag-heuer-carrera-chronograph-p298,,,,,,,,,,,,,,,,,https://hahn-vo-df1c.vercel.app/assets/products/p298/1.jpg,2,TAG Heuer Carrera Chronograph,
tag-heuer-carrera-chronograph-p298,,,,,,,,,,,,,,,,,https://hahn-vo-df1c.vercel.app/assets/products/p298/2.jpg,3,TAG Heuer Carrera Chronograph,
tag-heuer-carrera-chronograph-p298,,,,,,,,,,,,,,,,,https://hahn-vo-df1c.vercel.app/assets/products/p298/3.jpg,4,TAG Heuer Carrera Chronograph,
tag-heuer-carrera-chronograph-p298,,,,,,,,,,,,,,,,,https://hahn-vo-df1c.vercel.app/assets/products/p298/4.jpg,5,TAG Heuer Carrera Chronograph,
tag-heuer-carrera-chronograph-p298,,,,,,,,,,,,,,,,,https://hahn-vo-df1c.vercel.app/assets/products/p298/5.jpg,6,TAG Heuer Carrera Chronograph,
bvlgari-octo-finissimo-chronograph-gmt-p185,Bvlgari Octo Finissimo Chronograph GMT,"<p>Hier präsentieren wir die Bulgari Octo Finissimo Chronograph GMT aus dem Jahr 2022 im Full Set. Die Octo Finissimo Chronograph GMT bietet die perfekte Mischung aus technischer Raffinesse und ästhetischer Eleganz. Als flachste Automatikuhr der Welt, die mit Chronograph und GMT-Funktion ausgestattet ist.</p><table><tr><th align=""left"" style=""padding:4px 18px 4px 0"">Interner Code</th><td>HV-185</td></tr><tr><th align=""left"" style=""padding:4px 18px 4px 0"">Baujahr</th><td>2022 Gehäusematerial: Titan Armbandmaterial: Titan Armbandfa</td></tr><tr><th align=""left"" style=""padding:4px 18px 4px 0"">Durchmesser</th><td>42 mm (Oktogonal) Baujahr: 2022 Gehäusematerial: Titan Armban</td></tr><tr><th align=""left"" style=""padding:4px 18px 4px 0"">Gehäuse</th><td>Titan Armbandmaterial: Titan Armbandfarbe: Dunkelgrau Ziffer</td></tr><tr><th align=""left"" style=""padding:4px 18px 4px 0"">Zifferblatt</th><td>Grau Referenznummer: 103068 Uhrwerk: Automatik (Platinrotor)</td></tr><tr><th align=""left"" style=""padding:4px 18px 4px 0"">Band</th><td>Titan Armbandfarbe: Dunkelgrau Zifferblattfarbe: Grau Refere</td></tr><tr><th align=""left"" style=""padding:4px 18px 4px 0"">Werk</th><td>Geprüft auf einwandfreies Laufverhalten, kein anstehender Se</td></tr><tr><th align=""left"" style=""padding:4px 18px 4px 0"">Lieferumfang</th><td>Full Set, Papiere, Box</td></tr><tr><th align=""left"" style=""padding:4px 18px 4px 0"">Zustand</th><td>Sehr gut Gehäuse: Sehr gut Glas: Sehr gut Lünette: Sehr gut</td></tr></table><p>Jede Uhr wird vor dem Verkauf geprüft. 12 Monate Garantie auf das Werk, 14 Tage Rückgaberecht. Versand: Deutschland kostenfrei, Europa 79 €, weltweit 150 € — oder persönliche Übergabe in unserem Showroom in Frankfurt.</p><p><strong>Bei Zahlung per Überweisung bitte als Verwendungszweck angeben: HV-185</strong></p>",Bvlgari,Armbanduhr,"Bvlgari, 2022 Gehäusematerial: Titan Armbandmaterial: Titan Armbandfa, Sehr gut Gehäuse: Sehr gut Glas: Sehr gut Lünette: Sehr gut, Full Set",TRUE,Titel,Einzelstück,HV-P185,shopify,1,deny,manual,11990,TRUE,TRUE,https://hahn-vo-df1c.vercel.app/assets/products/p185/0.jpg,1,Bvlgari Octo Finissimo Chronograph GMT,active
bvlgari-octo-finissimo-chronograph-gmt-p185,,,,,,,,,,,,,,,,,https://hahn-vo-df1c.vercel.app/assets/products/p185/1.jpg,2,Bvlgari Octo Finissimo Chronograph GMT,
bvlgari-octo-finissimo-chronograph-gmt-p185,,,,,,,,,,,,,,,,,https://hahn-vo-df1c.vercel.app/assets/products/p185/2.jpg,3,Bvlgari Octo Finissimo Chronograph GMT,
bvlgari-octo-finissimo-chronograph-gmt-p185,,,,,,,,,,,,,,,,,https://hahn-vo-df1c.vercel.app/assets/products/p185/3.jpg,4,Bvlgari Octo Finissimo Chronograph GMT,
bvlgari-octo-finissimo-chronograph-gmt-p185,,,,,,,,,,,,,,,,,https://hahn-vo-df1c.vercel.app/assets/products/p185/4.jpg,5,Bvlgari Octo Finissimo Chronograph GMT,
bvlgari-octo-finissimo-chronograph-gmt-p185,,,,,,,,,,,,,,,,,https://hahn-vo-df1c.vercel.app/assets/products/p185/5.jpg,6,Bvlgari Octo Finissimo Chronograph GMT,
tag-heuer-link-chronograph-automatik-p366,TAG Heuer Link Chronograph Automatik,"<p>Hier präsentieren wir den TAG Heuer Link Chronograph. Die TAG Heuer hatte im März 2026 einen kompletten Service erhalten und kommt mit 2x Jahren Garantie. Unsere Bilder sind unbearbeitet und zeigen jedes Detail – mehr, als das bloße Auge wahrnimmt.</p><table><tr><th align=""left"" style=""padding:4px 18px 4px 0"">Interner Code</th><td>HV-366</td></tr><tr><th align=""left"" style=""padding:4px 18px 4px 0"">Referenz</th><td>CJF2111</td></tr><tr><th align=""left"" style=""padding:4px 18px 4px 0"">Baujahr</th><td>nicht bekannt</td></tr><tr><th align=""left"" style=""padding:4px 18px 4px 0"">Durchmesser</th><td>42 mm</td></tr><tr><th align=""left"" style=""padding:4px 18px 4px 0"">Gehäuse</th><td>Edelstahl</td></tr><tr><th align=""left"" style=""padding:4px 18px 4px 0"">Zifferblatt</th><td>Weiß (Außenring leichte Schäden, siehe Bilder)</td></tr><tr><th align=""left"" style=""padding:4px 18px 4px 0"">Band</th><td>Edelstahl</td></tr><tr><th align=""left"" style=""padding:4px 18px 4px 0"">Werk</th><td>Automatik</td></tr><tr><th align=""left"" style=""padding:4px 18px 4px 0"">Zustand</th><td>Sehr gut</td></tr></table><p>Jede Uhr wird vor dem Verkauf geprüft. 12 Monate Garantie auf das Werk, 14 Tage Rückgaberecht. Versand: Deutschland kostenfrei, Europa 79 €, weltweit 150 € — oder persönliche Übergabe in unserem Showroom in Frankfurt.</p><p><strong>Bei Zahlung per Überweisung bitte als Verwendungszweck angeben: HV-366</strong></p>",TAG Heuer,Armbanduhr,"TAG Heuer, CJF2111, nicht bekannt, Sehr gut",TRUE,Titel,Einzelstück,HV-P366,shopify,1,deny,manual,1550,TRUE,TRUE,https://hahn-vo-df1c.vercel.app/assets/products/p366/0.jpg,1,TAG Heuer Link Chronograph Automatik,active
tag-heuer-link-chronograph-automatik-p366,,,,,,,,,,,,,,,,,https://hahn-vo-df1c.vercel.app/assets/products/p366/1.jpg,2,TAG Heuer Link Chronograph Automatik,
tag-heuer-link-chronograph-automatik-p366,,,,,,,,,,,,,,,,,https://hahn-vo-df1c.vercel.app/assets/products/p366/2.jpg,3,TAG Heuer Link Chronograph Automatik,
tag-heuer-link-chronograph-automatik-p366,,,,,,,,,,,,,,,,,https://hahn-vo-df1c.vercel.app/assets/products/p366/3.jpg,4,TAG Heuer Link Chronograph Automatik,
tag-heuer-link-chronograph-automatik-p366,,,,,,,,,,,,,,,,,https://hahn-vo-df1c.vercel.app/assets/products/p366/4.jpg,5,TAG Heuer Link Chronograph Automatik,
tag-heuer-link-chronograph-automatik-p366,,,,,,,,,,,,,,,,,https://hahn-vo-df1c.vercel.app/assets/products/p366/5.jpg,6,TAG Heuer Link Chronograph Automatik,
panerai-luminor-marina-handaufzug-p399,Panerai Luminor Marina Handaufzug,"<p>Hier präsentieren wir die Panerai Luminor Marina PAM00632 im Full Set aus dem Jahr 2016. Unsere Bilder sind unbearbeitet und zeigen jedes Detail – mehr, als das bloße Auge wahrnimmt.</p><table><tr><th align=""left"" style=""padding:4px 18px 4px 0"">Interner Code</th><td>HV-399</td></tr><tr><th align=""left"" style=""padding:4px 18px 4px 0"">Referenz</th><td>PAM00632</td></tr><tr><th align=""left"" style=""padding:4px 18px 4px 0"">Baujahr</th><td>2016</td></tr><tr><th align=""left"" style=""padding:4px 18px 4px 0"">Durchmesser</th><td>44 mm</td></tr><tr><th align=""left"" style=""padding:4px 18px 4px 0"">Gehäuse</th><td>Edelstahl</td></tr><tr><th align=""left"" style=""padding:4px 18px 4px 0"">Zifferblatt</th><td>Schwarz</td></tr><tr><th align=""left"" style=""padding:4px 18px 4px 0"">Band</th><td>Leder / Kautschuk</td></tr><tr><th align=""left"" style=""padding:4px 18px 4px 0"">Werk</th><td>Handaufzug</td></tr><tr><th align=""left"" style=""padding:4px 18px 4px 0"">Lieferumfang</th><td>Full Set, Papiere, Box</td></tr><tr><th align=""left"" style=""padding:4px 18px 4px 0"">Zustand</th><td>Gut</td></tr></table><p>Jede Uhr wird vor dem Verkauf geprüft. 12 Monate Garantie auf das Werk, 14 Tage Rückgaberecht. Versand: Deutschland kostenfrei, Europa 79 €, weltweit 150 € — oder persönliche Übergabe in unserem Showroom in Frankfurt.</p><p><strong>Bei Zahlung per Überweisung bitte als Verwendungszweck angeben: HV-399</strong></p>",Panerai,Armbanduhr,"Panerai, PAM00632, 2016, Gut, Full Set",TRUE,Titel,Einzelstück,HV-P399,shopify,1,deny,manual,3990,TRUE,TRUE,https://hahn-vo-df1c.vercel.app/assets/products/p399/0.jpg,1,Panerai Luminor Marina Handaufzug,active
panerai-luminor-marina-handaufzug-p399,,,,,,,,,,,,,,,,,https://hahn-vo-df1c.vercel.app/assets/products/p399/1.jpg,2,Panerai Luminor Marina Handaufzug,
panerai-luminor-marina-handaufzug-p399,,,,,,,,,,,,,,,,,https://hahn-vo-df1c.vercel.app/assets/products/p399/2.jpg,3,Panerai Luminor Marina Handaufzug,
panerai-luminor-marina-handaufzug-p399,,,,,,,,,,,,,,,,,https://hahn-vo-df1c.vercel.app/assets/products/p399/3.jpg,4,Panerai Luminor Marina Handaufzug,
panerai-luminor-marina-handaufzug-p399,,,,,,,,,,,,,,,,,https://hahn-vo-df1c.vercel.app/assets/products/p399/4.jpg,5,Panerai Luminor Marina Handaufzug,
panerai-luminor-marina-handaufzug-p399,,,,,,,,,,,,,,,,,https://hahn-vo-df1c.vercel.app/assets/products/p399/5.jpg,6,Panerai Luminor Marina Handaufzug,
tag-heuer-carrera-gmt-big-date-p263,TAG Heuer Carrera GMT big date,"<p>Hier präsentieren wir den Tag Heuer Carrera GMT Big Date. Diese Tag Heuer hatte im November 2025 eine komplette Revision erhalten. Alle wichtigen Details auf einen Blick: Gesamtbewertung: Sehr gut Gehäuse: Sehr gut Glas: Sehr gut Lünette: Sehr gut Armband: Sehr gut Schließe: Sehr gut Uhrwerk: Geprüft auf einwandfreies Laufverhalten, kein anstehender Service. Unsere Bilder sind unbearbeitet und zeigen jedes Detail – mehr, als das bloße Auge wahrnimmt.</p><table><tr><th align=""left"" style=""padding:4px 18px 4px 0"">Interner Code</th><td>HV-263</td></tr><tr><th align=""left"" style=""padding:4px 18px 4px 0"">Referenz</th><td>WAR201Z</td></tr><tr><th align=""left"" style=""padding:4px 18px 4px 0"">Baujahr</th><td>nicht bekannt</td></tr><tr><th align=""left"" style=""padding:4px 18px 4px 0"">Durchmesser</th><td>41</td></tr><tr><th align=""left"" style=""padding:4px 18px 4px 0"">Gehäuse</th><td>Edelstahl</td></tr><tr><th align=""left"" style=""padding:4px 18px 4px 0"">Zifferblatt</th><td>Grau</td></tr><tr><th align=""left"" style=""padding:4px 18px 4px 0"">Band</th><td>Edelstahl</td></tr><tr><th align=""left"" style=""padding:4px 18px 4px 0"">Werk</th><td>Geprüft auf einwandfreies Laufverhalten, kein anstehender Se</td></tr><tr><th align=""left"" style=""padding:4px 18px 4px 0"">Zustand</th><td>Sehr gut</td></tr></table><p>Jede Uhr wird vor dem Verkauf geprüft. 12 Monate Garantie auf das Werk, 14 Tage Rückgaberecht. Versand: Deutschland kostenfrei, Europa 79 €, weltweit 150 € — oder persönliche Übergabe in unserem Showroom in Frankfurt.</p><p><strong>Bei Zahlung per Überweisung bitte als Verwendungszweck angeben: HV-263</strong></p>",TAG Heuer,Armbanduhr,"TAG Heuer, WAR201Z, nicht bekannt, Sehr gut",TRUE,Titel,Einzelstück,HV-P263,shopify,1,deny,manual,1890,TRUE,TRUE,https://hahn-vo-df1c.vercel.app/assets/products/p263/0.jpg,1,TAG Heuer Carrera GMT big date,active
tag-heuer-carrera-gmt-big-date-p263,,,,,,,,,,,,,,,,,https://hahn-vo-df1c.vercel.app/assets/products/p263/1.jpg,2,TAG Heuer Carrera GMT big date,
tag-heuer-carrera-gmt-big-date-p263,,,,,,,,,,,,,,,,,https://hahn-vo-df1c.vercel.app/assets/products/p263/2.jpg,3,TAG Heuer Carrera GMT big date,
tag-heuer-carrera-gmt-big-date-p263,,,,,,,,,,,,,,,,,https://hahn-vo-df1c.vercel.app/assets/products/p263/3.jpg,4,TAG Heuer Carrera GMT big date,
tag-heuer-carrera-gmt-big-date-p263,,,,,,,,,,,,,,,,,https://hahn-vo-df1c.vercel.app/assets/products/p263/4.jpg,5,TAG Heuer Carrera GMT big date,
tag-heuer-carrera-gmt-big-date-p263,,,,,,,,,,,,,,,,,https://hahn-vo-df1c.vercel.app/assets/products/p263/5.jpg,6,TAG Heuer Carrera GMT big date,
omega-planet-ocean-p223,Omega Planet Ocean,"<p>ier präsentieren wir die Omega Planet Ocean 42 mit orange Akzenten. Alle wichtigen Details auf einen Blick: Gesamtbewertung: Gut Gehäuse: Sehr gut Glas: Gut (Mikrokratzer, siehe Bilder) Lünette: In Ordnung (leichte Kratzer auf der Pos., 3-5 siehe Bilder) Armband: Sehr gut Schließe: Sehr gut Uhrwerk: Geprüft auf einwandfreies Laufverhalten, kein anstehender Service. Unsere Bilder sind unbearbeitet und zeigen jedes Detail – mehr, als das bloße Auge wahrnimmt.</p><table><tr><th align=""left"" style=""padding:4px 18px 4px 0"">Interner Code</th><td>HV-223</td></tr><tr><th align=""left"" style=""padding:4px 18px 4px 0"">Referenz</th><td>2201.51.00</td></tr><tr><th align=""left"" style=""padding:4px 18px 4px 0"">Baujahr</th><td>2009</td></tr><tr><th align=""left"" style=""padding:4px 18px 4px 0"">Durchmesser</th><td>42 mm</td></tr><tr><th align=""left"" style=""padding:4px 18px 4px 0"">Gehäuse</th><td>Edelstahl</td></tr><tr><th align=""left"" style=""padding:4px 18px 4px 0"">Zifferblatt</th><td>Schwarz</td></tr><tr><th align=""left"" style=""padding:4px 18px 4px 0"">Band</th><td>Edelstahl</td></tr><tr><th align=""left"" style=""padding:4px 18px 4px 0"">Werk</th><td>Geprüft auf einwandfreies Laufverhalten, kein anstehender Se</td></tr><tr><th align=""left"" style=""padding:4px 18px 4px 0"">Lieferumfang</th><td>Full Set, Papiere, Box</td></tr><tr><th align=""left"" style=""padding:4px 18px 4px 0"">Zustand</th><td>Gut</td></tr></table><p>Jede Uhr wird vor dem Verkauf geprüft. 12 Monate Garantie auf das Werk, 14 Tage Rückgaberecht. Versand: Deutschland kostenfrei, Europa 79 €, weltweit 150 € — oder persönliche Übergabe in unserem Showroom in Frankfurt.</p><p><strong>Bei Zahlung per Überweisung bitte als Verwendungszweck angeben: HV-223</strong></p>",Omega,Armbanduhr,"Omega, 2201.51.00, 2009, Gut, Full Set",TRUE,Titel,Einzelstück,HV-P223,shopify,1,deny,manual,3390,TRUE,TRUE,https://hahn-vo-df1c.vercel.app/assets/products/p223/0.jpg,1,Omega Planet Ocean,active
omega-planet-ocean-p223,,,,,,,,,,,,,,,,,https://hahn-vo-df1c.vercel.app/assets/products/p223/1.jpg,2,Omega Planet Ocean,
omega-planet-ocean-p223,,,,,,,,,,,,,,,,,https://hahn-vo-df1c.vercel.app/assets/products/p223/2.jpg,3,Omega Planet Ocean,
omega-planet-ocean-p223,,,,,,,,,,,,,,,,,https://hahn-vo-df1c.vercel.app/assets/products/p223/3.jpg,4,Omega Planet Ocean,
omega-planet-ocean-p223,,,,,,,,,,,,,,,,,https://hahn-vo-df1c.vercel.app/assets/products/p223/4.jpg,5,Omega Planet Ocean,
omega-planet-ocean-p223,,,,,,,,,,,,,,,,,https://hahn-vo-df1c.vercel.app/assets/products/p223/5.jpg,6,Omega Planet Ocean,
tag-heuer-carrera-chronograph-p246,TAG Heuer Carrera Chronograph,"<p>Hier präsentieren wir die Tag Heuer Carrera. Diese Tag Heuer hatte im November 2025 eine komplette Revision erhalten. Alle wichtigen Details auf einen Blick: Gesamtbewertung: Sehr gut / gut Gehäuse: Sehr gut Glas: Sehr gut Lünette: Sehr gut (Lünette Pos. 3-4 Schlag) Armband: Sehr gut Schließe: Sehr gut Uhrwerk: Geprüft auf einwandfreies Laufverhalten, kein anstehender Service. Unsere Bilder sind unbearbeitet und zeigen jedes Detail – mehr, als das bloße Auge wahrnimmt.</p><table><tr><th align=""left"" style=""padding:4px 18px 4px 0"">Interner Code</th><td>HV-246</td></tr><tr><th align=""left"" style=""padding:4px 18px 4px 0"">Referenz</th><td>CV2010</td></tr><tr><th align=""left"" style=""padding:4px 18px 4px 0"">Baujahr</th><td>2007</td></tr><tr><th align=""left"" style=""padding:4px 18px 4px 0"">Durchmesser</th><td>41 mm</td></tr><tr><th align=""left"" style=""padding:4px 18px 4px 0"">Gehäuse</th><td>Edelstahl</td></tr><tr><th align=""left"" style=""padding:4px 18px 4px 0"">Zifferblatt</th><td>Schwarz</td></tr><tr><th align=""left"" style=""padding:4px 18px 4px 0"">Band</th><td>Edelstahl</td></tr><tr><th align=""left"" style=""padding:4px 18px 4px 0"">Werk</th><td>Geprüft auf einwandfreies Laufverhalten, kein anstehender Se</td></tr><tr><th align=""left"" style=""padding:4px 18px 4px 0"">Zustand</th><td>Sehr gut / gut</td></tr></table><p>Jede Uhr wird vor dem Verkauf geprüft. 12 Monate Garantie auf das Werk, 14 Tage Rückgaberecht. Versand: Deutschland kostenfrei, Europa 79 €, weltweit 150 € — oder persönliche Übergabe in unserem Showroom in Frankfurt.</p><p><strong>Bei Zahlung per Überweisung bitte als Verwendungszweck angeben: HV-246</strong></p>",TAG Heuer,Armbanduhr,"TAG Heuer, CV2010, 2007, Sehr gut / gut",TRUE,Titel,Einzelstück,HV-P246,shopify,1,deny,manual,1890,TRUE,TRUE,https://hahn-vo-df1c.vercel.app/assets/products/p246/0.jpg,1,TAG Heuer Carrera Chronograph,active
tag-heuer-carrera-chronograph-p246,,,,,,,,,,,,,,,,,https://hahn-vo-df1c.vercel.app/assets/products/p246/1.jpg,2,TAG Heuer Carrera Chronograph,
tag-heuer-carrera-chronograph-p246,,,,,,,,,,,,,,,,,https://hahn-vo-df1c.vercel.app/assets/products/p246/2.jpg,3,TAG Heuer Carrera Chronograph,
tag-heuer-carrera-chronograph-p246,,,,,,,,,,,,,,,,,https://hahn-vo-df1c.vercel.app/assets/products/p246/3.jpg,4,TAG Heuer Carrera Chronograph,
tag-heuer-carrera-chronograph-p246,,,,,,,,,,,,,,,,,https://hahn-vo-df1c.vercel.app/assets/products/p246/4.jpg,5,TAG Heuer Carrera Chronograph,
tag-heuer-carrera-chronograph-p246,,,,,,,,,,,,,,,,,https://hahn-vo-df1c.vercel.app/assets/products/p246/5.jpg,6,TAG Heuer Carrera Chronograph,
rolex-datejust-41-zifferblatt-black-neu-p393,Rolex Datejust 41 Zifferblatt Black Neu,"<p>Hier präsentieren wir die Rolex Datejust 41 aus dem Jahr 2026 im Full Set. Unsere Bilder sind unbearbeitet und zeigen jedes Detail – mehr, als das bloße Auge wahrnimmt.</p><table><tr><th align=""left"" style=""padding:4px 18px 4px 0"">Interner Code</th><td>HV-393</td></tr><tr><th align=""left"" style=""padding:4px 18px 4px 0"">Referenz</th><td>126300</td></tr><tr><th align=""left"" style=""padding:4px 18px 4px 0"">Baujahr</th><td>2026</td></tr><tr><th align=""left"" style=""padding:4px 18px 4px 0"">Durchmesser</th><td>41 mm</td></tr><tr><th align=""left"" style=""padding:4px 18px 4px 0"">Gehäuse</th><td>Edelstahl</td></tr><tr><th align=""left"" style=""padding:4px 18px 4px 0"">Zifferblatt</th><td>Schwarz</td></tr><tr><th align=""left"" style=""padding:4px 18px 4px 0"">Band</th><td>Edelstahl</td></tr><tr><th align=""left"" style=""padding:4px 18px 4px 0"">Werk</th><td>Automatik</td></tr><tr><th align=""left"" style=""padding:4px 18px 4px 0"">Lieferumfang</th><td>Full Set, Papiere, Box</td></tr><tr><th align=""left"" style=""padding:4px 18px 4px 0"">Zustand</th><td>Neu</td></tr></table><p>Jede Uhr wird vor dem Verkauf geprüft. 12 Monate Garantie auf das Werk, 14 Tage Rückgaberecht. Versand: Deutschland kostenfrei, Europa 79 €, weltweit 150 € — oder persönliche Übergabe in unserem Showroom in Frankfurt.</p><p><strong>Bei Zahlung per Überweisung bitte als Verwendungszweck angeben: HV-393</strong></p>",Rolex,Armbanduhr,"Rolex, 126300, 2026, Neu, Full Set",TRUE,Titel,Einzelstück,HV-P393,shopify,1,deny,manual,9900,TRUE,TRUE,https://hahn-vo-df1c.vercel.app/assets/products/p393/0.jpg,1,Rolex Datejust 41 Zifferblatt Black Neu,active
rolex-datejust-41-zifferblatt-black-neu-p393,,,,,,,,,,,,,,,,,https://hahn-vo-df1c.vercel.app/assets/products/p393/1.jpg,2,Rolex Datejust 41 Zifferblatt Black Neu,
rolex-datejust-41-zifferblatt-black-neu-p393,,,,,,,,,,,,,,,,,https://hahn-vo-df1c.vercel.app/assets/products/p393/2.jpg,3,Rolex Datejust 41 Zifferblatt Black Neu,
rolex-datejust-41-zifferblatt-black-neu-p393,,,,,,,,,,,,,,,,,https://hahn-vo-df1c.vercel.app/assets/products/p393/3.jpg,4,Rolex Datejust 41 Zifferblatt Black Neu,
rolex-datejust-41-zifferblatt-black-neu-p393,,,,,,,,,,,,,,,,,https://hahn-vo-df1c.vercel.app/assets/products/p393/4.jpg,5,Rolex Datejust 41 Zifferblatt Black Neu,
rolex-datejust-41-zifferblatt-black-neu-p393,,,,,,,,,,,,,,,,,https://hahn-vo-df1c.vercel.app/assets/products/p393/5.jpg,6,Rolex Datejust 41 Zifferblatt Black Neu,
breitling-chronomat-burgundy-dial-p335,Breitling Chronomat Burgundy Dial,"<p>Hier präsentieren wir die Breitling Chronomat in Stahl/Gold mit Echtheitszertifikat. Alle wichtigen Details auf einen Blick: Gesamtbewertung: Gut Gehäuse: Gut erkennbar Glas: Sehr gut Lünette: Gut erkennbar Armband: Sehr gut Schließe: Sehr gut (After market, siehe Bilder) Uhrwerk: Geprüft auf einwandfreies Laufverhalten, kein anstehender Service. Unsere Bilder sind unbearbeitet und zeigen jedes Detail – mehr, als das bloße Auge wahrnimmt.</p><table><tr><th align=""left"" style=""padding:4px 18px 4px 0"">Interner Code</th><td>HV-335</td></tr><tr><th align=""left"" style=""padding:4px 18px 4px 0"">Referenz</th><td>B13047</td></tr><tr><th align=""left"" style=""padding:4px 18px 4px 0"">Durchmesser</th><td>39 mm</td></tr><tr><th align=""left"" style=""padding:4px 18px 4px 0"">Gehäuse</th><td>Edelstahl</td></tr><tr><th align=""left"" style=""padding:4px 18px 4px 0"">Zifferblatt</th><td>Burgundy Dial</td></tr><tr><th align=""left"" style=""padding:4px 18px 4px 0"">Band</th><td>Leder</td></tr><tr><th align=""left"" style=""padding:4px 18px 4px 0"">Werk</th><td>Geprüft auf einwandfreies Laufverhalten, kein anstehender Se</td></tr><tr><th align=""left"" style=""padding:4px 18px 4px 0"">Lieferumfang</th><td>Echtheitszertifikat</td></tr><tr><th align=""left"" style=""padding:4px 18px 4px 0"">Zustand</th><td>Gut</td></tr></table><p>Jede Uhr wird vor dem Verkauf geprüft. 12 Monate Garantie auf das Werk, 14 Tage Rückgaberecht. Versand: Deutschland kostenfrei, Europa 79 €, weltweit 150 € — oder persönliche Übergabe in unserem Showroom in Frankfurt.</p><p><strong>Bei Zahlung per Überweisung bitte als Verwendungszweck angeben: HV-335</strong></p>",Breitling,Armbanduhr,"Breitling, B13047, Gut",TRUE,Titel,Einzelstück,HV-P335,shopify,1,deny,manual,2190,TRUE,TRUE,https://hahn-vo-df1c.vercel.app/assets/products/p335/0.jpg,1,Breitling Chronomat Burgundy Dial,active
breitling-chronomat-burgundy-dial-p335,,,,,,,,,,,,,,,,,https://hahn-vo-df1c.vercel.app/assets/products/p335/1.jpg,2,Breitling Chronomat Burgundy Dial,
breitling-chronomat-burgundy-dial-p335,,,,,,,,,,,,,,,,,https://hahn-vo-df1c.vercel.app/assets/products/p335/2.jpg,3,Breitling Chronomat Burgundy Dial,
breitling-chronomat-burgundy-dial-p335,,,,,,,,,,,,,,,,,https://hahn-vo-df1c.vercel.app/assets/products/p335/3.jpg,4,Breitling Chronomat Burgundy Dial,
breitling-chronomat-burgundy-dial-p335,,,,,,,,,,,,,,,,,https://hahn-vo-df1c.vercel.app/assets/products/p335/4.jpg,5,Breitling Chronomat Burgundy Dial,
breitling-chronomat-burgundy-dial-p335,,,,,,,,,,,,,,,,,https://hahn-vo-df1c.vercel.app/assets/products/p335/5.jpg,6,Breitling Chronomat Burgundy Dial,
omega-planet-ocean-p384,Omega Planet Ocean,"<p>Hier präsentieren wir die Omega Planet Ocean Chronograph aus dem Jahr 2014 im Full Set. Unsere Bilder sind unbearbeitet und zeigen jedes Detail – mehr, als das bloße Auge wahrnimmt.</p><table><tr><th align=""left"" style=""padding:4px 18px 4px 0"">Interner Code</th><td>HV-384</td></tr><tr><th align=""left"" style=""padding:4px 18px 4px 0"">Referenz</th><td>232.90.46.51.03.001</td></tr><tr><th align=""left"" style=""padding:4px 18px 4px 0"">Baujahr</th><td>2014</td></tr><tr><th align=""left"" style=""padding:4px 18px 4px 0"">Durchmesser</th><td>45,5 mm</td></tr><tr><th align=""left"" style=""padding:4px 18px 4px 0"">Gehäuse</th><td>Titan</td></tr><tr><th align=""left"" style=""padding:4px 18px 4px 0"">Zifferblatt</th><td>Blau</td></tr><tr><th align=""left"" style=""padding:4px 18px 4px 0"">Band</th><td>Titan</td></tr><tr><th align=""left"" style=""padding:4px 18px 4px 0"">Werk</th><td>Automatik 9300 Kaliber</td></tr><tr><th align=""left"" style=""padding:4px 18px 4px 0"">Lieferumfang</th><td>Full Set, Papiere, Box</td></tr><tr><th align=""left"" style=""padding:4px 18px 4px 0"">Zustand</th><td>Gut</td></tr></table><p>Jede Uhr wird vor dem Verkauf geprüft. 12 Monate Garantie auf das Werk, 14 Tage Rückgaberecht. Versand: Deutschland kostenfrei, Europa 79 €, weltweit 150 € — oder persönliche Übergabe in unserem Showroom in Frankfurt.</p><p><strong>Bei Zahlung per Überweisung bitte als Verwendungszweck angeben: HV-384</strong></p>",Omega,Armbanduhr,"Omega, 232.90.46.51.03.001, 2014, Gut, Full Set",TRUE,Titel,Einzelstück,HV-P384,shopify,1,deny,manual,4890,TRUE,TRUE,https://hahn-vo-df1c.vercel.app/assets/products/p384/0.jpg,1,Omega Planet Ocean,active
omega-planet-ocean-p384,,,,,,,,,,,,,,,,,https://hahn-vo-df1c.vercel.app/assets/products/p384/1.jpg,2,Omega Planet Ocean,
omega-planet-ocean-p384,,,,,,,,,,,,,,,,,https://hahn-vo-df1c.vercel.app/assets/products/p384/2.jpg,3,Omega Planet Ocean,
omega-planet-ocean-p384,,,,,,,,,,,,,,,,,https://hahn-vo-df1c.vercel.app/assets/products/p384/3.jpg,4,Omega Planet Ocean,
omega-planet-ocean-p384,,,,,,,,,,,,,,,,,https://hahn-vo-df1c.vercel.app/assets/products/p384/4.jpg,5,Omega Planet Ocean,
omega-planet-ocean-p384,,,,,,,,,,,,,,,,,https://hahn-vo-df1c.vercel.app/assets/products/p384/5.jpg,6,Omega Planet Ocean,
omega-planet-ocean-43-5-mm-p283,"Omega Planet Ocean 43,5 mm","<p>Hier präsentieren wir die Omega Planet Ocean aus dem Jahr 2018 im Full Set. Unsere Bilder sind unbearbeitet und zeigen jedes Detail – mehr, als das bloße Auge wahrnimmt.</p><table><tr><th align=""left"" style=""padding:4px 18px 4px 0"">Interner Code</th><td>HV-283</td></tr><tr><th align=""left"" style=""padding:4px 18px 4px 0"">Referenz</th><td>215.30.44.21.03.001</td></tr><tr><th align=""left"" style=""padding:4px 18px 4px 0"">Baujahr</th><td>2018</td></tr><tr><th align=""left"" style=""padding:4px 18px 4px 0"">Durchmesser</th><td>43,5 mm</td></tr><tr><th align=""left"" style=""padding:4px 18px 4px 0"">Gehäuse</th><td>Edelstahl</td></tr><tr><th align=""left"" style=""padding:4px 18px 4px 0"">Zifferblatt</th><td>Blau</td></tr><tr><th align=""left"" style=""padding:4px 18px 4px 0"">Band</th><td>Edelstahl</td></tr><tr><th align=""left"" style=""padding:4px 18px 4px 0"">Werk</th><td>Omega Co-Axial</td></tr><tr><th align=""left"" style=""padding:4px 18px 4px 0"">Lieferumfang</th><td>Full Set, Papiere, Box</td></tr><tr><th align=""left"" style=""padding:4px 18px 4px 0"">Zustand</th><td>Sehr gut</td></tr></table><p>Jede Uhr wird vor dem Verkauf geprüft. 12 Monate Garantie auf das Werk, 14 Tage Rückgaberecht. Versand: Deutschland kostenfrei, Europa 79 €, weltweit 150 € — oder persönliche Übergabe in unserem Showroom in Frankfurt.</p><p><strong>Bei Zahlung per Überweisung bitte als Verwendungszweck angeben: HV-283</strong></p>",Omega,Armbanduhr,"Omega, 215.30.44.21.03.001, 2018, Sehr gut, Full Set",TRUE,Titel,Einzelstück,HV-P283,shopify,1,deny,manual,4190,TRUE,TRUE,https://hahn-vo-df1c.vercel.app/assets/products/p283/0.jpg,1,"Omega Planet Ocean 43,5 mm",active
omega-planet-ocean-43-5-mm-p283,,,,,,,,,,,,,,,,,https://hahn-vo-df1c.vercel.app/assets/products/p283/1.jpg,2,"Omega Planet Ocean 43,5 mm",
omega-planet-ocean-43-5-mm-p283,,,,,,,,,,,,,,,,,https://hahn-vo-df1c.vercel.app/assets/products/p283/2.jpg,3,"Omega Planet Ocean 43,5 mm",
omega-planet-ocean-43-5-mm-p283,,,,,,,,,,,,,,,,,https://hahn-vo-df1c.vercel.app/assets/products/p283/3.jpg,4,"Omega Planet Ocean 43,5 mm",
omega-planet-ocean-43-5-mm-p283,,,,,,,,,,,,,,,,,https://hahn-vo-df1c.vercel.app/assets/products/p283/4.jpg,5,"Omega Planet Ocean 43,5 mm",
omega-planet-ocean-43-5-mm-p283,,,,,,,,,,,,,,,,,https://hahn-vo-df1c.vercel.app/assets/products/p283/5.jpg,6,"Omega Planet Ocean 43,5 mm",
omega-seamaster-aqua-terra-gmt-p395,Omega Seamaster Aqua Terra GMT,"<p>Hier präsentieren wir die Omega Seamaster Aqua Terra. Für alle, die nicht nur die Zeit im Blick haben, sondern gleich mehrere. Die Omega Aqua Terra hatte im Frühjahr 2025 eine komplette Revision bei einem Uhrmacher erhalten. Unsere Bilder sind unbearbeitet und zeigen jedes Detail – mehr, als das bloße Auge wahrnimmt.</p><table><tr><th align=""left"" style=""padding:4px 18px 4px 0"">Interner Code</th><td>HV-395</td></tr><tr><th align=""left"" style=""padding:4px 18px 4px 0"">Referenz</th><td>231.10.43.22.03.001</td></tr><tr><th align=""left"" style=""padding:4px 18px 4px 0"">Baujahr</th><td>nicht bekannt</td></tr><tr><th align=""left"" style=""padding:4px 18px 4px 0"">Durchmesser</th><td>43 mm</td></tr><tr><th align=""left"" style=""padding:4px 18px 4px 0"">Gehäuse</th><td>Edelstahl</td></tr><tr><th align=""left"" style=""padding:4px 18px 4px 0"">Zifferblatt</th><td>Blau</td></tr><tr><th align=""left"" style=""padding:4px 18px 4px 0"">Band</th><td>Leder (guter Zustand)</td></tr><tr><th align=""left"" style=""padding:4px 18px 4px 0"">Werk</th><td>Automatik (Manufakturkaliber)</td></tr><tr><th align=""left"" style=""padding:4px 18px 4px 0"">Zustand</th><td>Sehr gut</td></tr></table><p>Jede Uhr wird vor dem Verkauf geprüft. 12 Monate Garantie auf das Werk, 14 Tage Rückgaberecht. Versand: Deutschland kostenfrei, Europa 79 €, weltweit 150 € — oder persönliche Übergabe in unserem Showroom in Frankfurt.</p><p><strong>Bei Zahlung per Überweisung bitte als Verwendungszweck angeben: HV-395</strong></p>",Omega,Armbanduhr,"Omega, 231.10.43.22.03.001, nicht bekannt, Sehr gut",TRUE,Titel,Einzelstück,HV-P395,shopify,1,deny,manual,3950,TRUE,TRUE,https://hahn-vo-df1c.vercel.app/assets/products/p395/0.jpg,1,Omega Seamaster Aqua Terra GMT,active
omega-seamaster-aqua-terra-gmt-p395,,,,,,,,,,,,,,,,,https://hahn-vo-df1c.vercel.app/assets/products/p395/1.jpg,2,Omega Seamaster Aqua Terra GMT,
omega-seamaster-aqua-terra-gmt-p395,,,,,,,,,,,,,,,,,https://hahn-vo-df1c.vercel.app/assets/products/p395/2.jpg,3,Omega Seamaster Aqua Terra GMT,
omega-seamaster-aqua-terra-gmt-p395,,,,,,,,,,,,,,,,,https://hahn-vo-df1c.vercel.app/assets/products/p395/3.jpg,4,Omega Seamaster Aqua Terra GMT,
omega-seamaster-aqua-terra-gmt-p395,,,,,,,,,,,,,,,,,https://hahn-vo-df1c.vercel.app/assets/products/p395/4.jpg,5,Omega Seamaster Aqua Terra GMT,
omega-seamaster-aqua-terra-gmt-p395,,,,,,,,,,,,,,,,,https://hahn-vo-df1c.vercel.app/assets/products/p395/5.jpg,6,Omega Seamaster Aqua Terra GMT,
tag-heuer-carrera-calibre-16-chronograph-p350,TAG Heuer Carrera Calibre 16 Chronograph,"<p>Hier präsentieren wir die TAG Heuer Carrera Calibre 16. Der Listenpreis der Tag Heuer liegt bei 5.800 Euro in Deutschland. Unsere Bilder sind unbearbeitet und zeigen jedes Detail – mehr, als das bloße Auge wahrnimmt.</p><table><tr><th align=""left"" style=""padding:4px 18px 4px 0"">Interner Code</th><td>HV-350</td></tr><tr><th align=""left"" style=""padding:4px 18px 4px 0"">Referenz</th><td>CBM2110.BA065</td></tr><tr><th align=""left"" style=""padding:4px 18px 4px 0"">Durchmesser</th><td>41 mm</td></tr><tr><th align=""left"" style=""padding:4px 18px 4px 0"">Gehäuse</th><td>Edelstahl</td></tr><tr><th align=""left"" style=""padding:4px 18px 4px 0"">Zifferblatt</th><td>Schwarz</td></tr><tr><th align=""left"" style=""padding:4px 18px 4px 0"">Band</th><td>Edelstahl</td></tr><tr><th align=""left"" style=""padding:4px 18px 4px 0"">Werk</th><td>Automatik</td></tr><tr><th align=""left"" style=""padding:4px 18px 4px 0"">Zustand</th><td>Sehr gut</td></tr></table><p>Jede Uhr wird vor dem Verkauf geprüft. 12 Monate Garantie auf das Werk, 14 Tage Rückgaberecht. Versand: Deutschland kostenfrei, Europa 79 €, weltweit 150 € — oder persönliche Übergabe in unserem Showroom in Frankfurt.</p><p><strong>Bei Zahlung per Überweisung bitte als Verwendungszweck angeben: HV-350</strong></p>",TAG Heuer,Armbanduhr,"TAG Heuer, CBM2110.BA065, Sehr gut",TRUE,Titel,Einzelstück,HV-P350,shopify,1,deny,manual,2990,TRUE,TRUE,https://hahn-vo-df1c.vercel.app/assets/products/p350/0.jpg,1,TAG Heuer Carrera Calibre 16 Chronograph,active
tag-heuer-carrera-calibre-16-chronograph-p350,,,,,,,,,,,,,,,,,https://hahn-vo-df1c.vercel.app/assets/products/p350/1.jpg,2,TAG Heuer Carrera Calibre 16 Chronograph,
tag-heuer-carrera-calibre-16-chronograph-p350,,,,,,,,,,,,,,,,,https://hahn-vo-df1c.vercel.app/assets/products/p350/2.jpg,3,TAG Heuer Carrera Calibre 16 Chronograph,
tag-heuer-carrera-calibre-16-chronograph-p350,,,,,,,,,,,,,,,,,https://hahn-vo-df1c.vercel.app/assets/products/p350/3.jpg,4,TAG Heuer Carrera Calibre 16 Chronograph,
tag-heuer-carrera-calibre-16-chronograph-p350,,,,,,,,,,,,,,,,,https://hahn-vo-df1c.vercel.app/assets/products/p350/4.jpg,5,TAG Heuer Carrera Calibre 16 Chronograph,
tag-heuer-carrera-calibre-16-chronograph-p350,,,,,,,,,,,,,,,,,https://hahn-vo-df1c.vercel.app/assets/products/p350/5.jpg,6,TAG Heuer Carrera Calibre 16 Chronograph,
iwc-portofino-37-automatic-silber-dia-dial-p357,IWC Portofino 37 Automatic Silber Dia dial,"<p>Hier präsentieren wir die IWC Portofino 37 aus dem Jahr 2021 im Full Set mit einer Restgarantie bei IWC bis 2029. Unsere Bilder sind unbearbeitet und zeigen jedes Detail, mehr als das bloße Auge wahrnimmt.</p><table><tr><th align=""left"" style=""padding:4px 18px 4px 0"">Interner Code</th><td>HV-357</td></tr><tr><th align=""left"" style=""padding:4px 18px 4px 0"">Referenz</th><td>IW458101</td></tr><tr><th align=""left"" style=""padding:4px 18px 4px 0"">Baujahr</th><td>2021</td></tr><tr><th align=""left"" style=""padding:4px 18px 4px 0"">Durchmesser</th><td>37 mm</td></tr><tr><th align=""left"" style=""padding:4px 18px 4px 0"">Gehäuse</th><td>Edelstahl</td></tr><tr><th align=""left"" style=""padding:4px 18px 4px 0"">Zifferblatt</th><td>Silber</td></tr><tr><th align=""left"" style=""padding:4px 18px 4px 0"">Band</th><td>Leder</td></tr><tr><th align=""left"" style=""padding:4px 18px 4px 0"">Werk</th><td>Automatik</td></tr><tr><th align=""left"" style=""padding:4px 18px 4px 0"">Lieferumfang</th><td>Full Set, Garantiekarte</td></tr><tr><th align=""left"" style=""padding:4px 18px 4px 0"">Zustand</th><td>Sehr gut</td></tr></table><p>Jede Uhr wird vor dem Verkauf geprüft. 12 Monate Garantie auf das Werk, 14 Tage Rückgaberecht. Versand: Deutschland kostenfrei, Europa 79 €, weltweit 150 € — oder persönliche Übergabe in unserem Showroom in Frankfurt.</p><p><strong>Bei Zahlung per Überweisung bitte als Verwendungszweck angeben: HV-357</strong></p>",IWC,Armbanduhr,"IWC, IW458101, 2021, Sehr gut, Full Set",TRUE,Titel,Einzelstück,HV-P357,shopify,1,deny,manual,3190,TRUE,TRUE,https://hahn-vo-df1c.vercel.app/assets/products/p357/0.jpg,1,IWC Portofino 37 Automatic Silber Dia dial,active
iwc-portofino-37-automatic-silber-dia-dial-p357,,,,,,,,,,,,,,,,,https://hahn-vo-df1c.vercel.app/assets/products/p357/1.jpg,2,IWC Portofino 37 Automatic Silber Dia dial,
iwc-portofino-37-automatic-silber-dia-dial-p357,,,,,,,,,,,,,,,,,https://hahn-vo-df1c.vercel.app/assets/products/p357/2.jpg,3,IWC Portofino 37 Automatic Silber Dia dial,
iwc-portofino-37-automatic-silber-dia-dial-p357,,,,,,,,,,,,,,,,,https://hahn-vo-df1c.vercel.app/assets/products/p357/3.jpg,4,IWC Portofino 37 Automatic Silber Dia dial,
iwc-portofino-37-automatic-silber-dia-dial-p357,,,,,,,,,,,,,,,,,https://hahn-vo-df1c.vercel.app/assets/products/p357/4.jpg,5,IWC Portofino 37 Automatic Silber Dia dial,
iwc-portofino-37-automatic-silber-dia-dial-p357,,,,,,,,,,,,,,,,,https://hahn-vo-df1c.vercel.app/assets/products/p357/5.jpg,6,IWC Portofino 37 Automatic Silber Dia dial,
