Handle,Title,Body (HTML),Vendor,Type,Tags,Published,Option1 Name,Option1 Value,Variant SKU,Variant Inventory Tracker,Variant Inventory Qty,Variant Inventory Policy,Variant Fulfillment Service,Variant Price,Variant Requires Shipping,Variant Taxable,Image Src,Image Position,Image Alt Text,Status
mb-f-legacy-machine-split-escapement-evo-titan-p462,MB&F Legacy Machine Split Escapement EVO Titan,"<p>Hier präsentieren wir die MB&F Legacy Machine Split Escapement aus dem Jahr 2024 im Full Set. Unsere Bilder sind unbearbeitet und zeigen jedes Detail — mehr, als das bloße Auge wahrnimmt.</p><table><tr><th align=""left"" style=""padding:4px 18px 4px 0"">Referenz</th><td>04.TR.LB</td></tr><tr><th align=""left"" style=""padding:4px 18px 4px 0"">Baujahr</th><td>2024</td></tr><tr><th align=""left"" style=""padding:4px 18px 4px 0"">Durchmesser</th><td>44 mm</td></tr><tr><th align=""left"" style=""padding:4px 18px 4px 0"">Gehäuse</th><td>Titan</td></tr><tr><th align=""left"" style=""padding:4px 18px 4px 0"">Zifferblatt</th><td>Blau</td></tr><tr><th align=""left"" style=""padding:4px 18px 4px 0"">Band</th><td>Kautschukband</td></tr><tr><th align=""left"" style=""padding:4px 18px 4px 0"">Werk</th><td>Handaufzug</td></tr><tr><th align=""left"" style=""padding:4px 18px 4px 0"">Lieferumfang</th><td>Full Set, Papiere, Box</td></tr><tr><th align=""left"" style=""padding:4px 18px 4px 0"">Zustand</th><td>Sehr gut (wie neu)</td></tr></table><p>Jede Uhr wird vor dem Verkauf geprüft. 12 Monate Garantie auf das Werk, 14 Tage Rückgaberecht, weltweiter versicherter Versand oder persönliche Übergabe in unserem Showroom in Frankfurt.</p>",MB&F,Armbanduhr,"MB&F, 04.TR.LB, 2024, Sehr gut (wie neu), Full Set",TRUE,Titel,Einzelstück,MB-F-LGC-MCH,shopify,1,deny,manual,109900,TRUE,TRUE,https://hahn-vo-df1c.vercel.app/assets/products/p462/0.jpg,1,MB&F Legacy Machine Split Escapement EVO Titan,active
mb-f-legacy-machine-split-escapement-evo-titan-p462,,,,,,,,,,,,,,,,,https://hahn-vo-df1c.vercel.app/assets/products/p462/1.jpg,2,MB&F Legacy Machine Split Escapement EVO Titan,
mb-f-legacy-machine-split-escapement-evo-titan-p462,,,,,,,,,,,,,,,,,https://hahn-vo-df1c.vercel.app/assets/products/p462/2.jpg,3,MB&F Legacy Machine Split Escapement EVO Titan,
mb-f-legacy-machine-split-escapement-evo-titan-p462,,,,,,,,,,,,,,,,,https://hahn-vo-df1c.vercel.app/assets/products/p462/3.jpg,4,MB&F Legacy Machine Split Escapement EVO Titan,
mb-f-legacy-machine-split-escapement-evo-titan-p462,,,,,,,,,,,,,,,,,https://hahn-vo-df1c.vercel.app/assets/products/p462/4.jpg,5,MB&F Legacy Machine Split Escapement EVO Titan,
mb-f-legacy-machine-split-escapement-evo-titan-p462,,,,,,,,,,,,,,,,,https://hahn-vo-df1c.vercel.app/assets/products/p462/5.jpg,6,MB&F Legacy Machine Split Escapement EVO Titan,
cartier-tank-solo-quarz-roemisches-zifferblatt-p461,"Cartier Tank Solo Quarz, römisches Zifferblatt","<p>Hier präsentieren wir die Cartier Tank Solo. Unsere Bilder sind unbearbeitet und zeigen jedes Detail — mehr, als das bloße Auge wahrnimmt.</p><table><tr><th align=""left"" style=""padding:4px 18px 4px 0"">Referenz</th><td>2716</td></tr><tr><th align=""left"" style=""padding:4px 18px 4px 0"">Gehäuse</th><td>Edelstahl</td></tr><tr><th align=""left"" style=""padding:4px 18px 4px 0"">Zifferblatt</th><td>Weiß</td></tr><tr><th align=""left"" style=""padding:4px 18px 4px 0"">Band</th><td>Leder</td></tr><tr><th align=""left"" style=""padding:4px 18px 4px 0"">Werk</th><td>Quarz 12</td></tr><tr><th align=""left"" style=""padding:4px 18px 4px 0"">Lieferumfang</th><td>Echtheitszertifikat</td></tr></table><p>Jede Uhr wird vor dem Verkauf geprüft. 12 Monate Garantie auf das Werk, 14 Tage Rückgaberecht, weltweiter versicherter Versand oder persönliche Übergabe in unserem Showroom in Frankfurt.</p>",Cartier,Armbanduhr,"Cartier, 2716",TRUE,Titel,Einzelstück,CRT-TNK-SL-271,shopify,1,deny,manual,2790,TRUE,TRUE,https://hahn-vo-df1c.vercel.app/assets/products/p461/0.jpg,1,"Cartier Tank Solo Quarz, römisches Zifferblatt",active
cartier-tank-solo-quarz-roemisches-zifferblatt-p461,,,,,,,,,,,,,,,,,https://hahn-vo-df1c.vercel.app/assets/products/p461/1.jpg,2,"Cartier Tank Solo Quarz, römisches Zifferblatt",
cartier-tank-solo-quarz-roemisches-zifferblatt-p461,,,,,,,,,,,,,,,,,https://hahn-vo-df1c.vercel.app/assets/products/p461/2.jpg,3,"Cartier Tank Solo Quarz, römisches Zifferblatt",
cartier-tank-solo-quarz-roemisches-zifferblatt-p461,,,,,,,,,,,,,,,,,https://hahn-vo-df1c.vercel.app/assets/products/p461/3.jpg,4,"Cartier Tank Solo Quarz, römisches Zifferblatt",
cartier-tank-solo-quarz-roemisches-zifferblatt-p461,,,,,,,,,,,,,,,,,https://hahn-vo-df1c.vercel.app/assets/products/p461/4.jpg,5,"Cartier Tank Solo Quarz, römisches Zifferblatt",
cartier-tank-solo-quarz-roemisches-zifferblatt-p461,,,,,,,,,,,,,,,,,https://hahn-vo-df1c.vercel.app/assets/products/p461/5.jpg,6,"Cartier Tank Solo Quarz, römisches Zifferblatt",
cartier-tank-solo-piano-dial-24-31-mm-p460,Cartier Tank Solo Piano Dial 24 × 31 mm,"<p>Hier präsentieren wir die Cartier Tank Solo aus dem Jahr 2010 im Full Set. Die Cartier mit seltenem Piano Dial ist unter Sammlern äußerst begehrt und gilt als gesuchtes Sammlerstück. Unsere Bilder sind unbearbeitet und zeigen jedes Detail — mehr, als das bloße Auge wahrnimmt.</p><table><tr><th align=""left"" style=""padding:4px 18px 4px 0"">Baujahr</th><td>2010</td></tr><tr><th align=""left"" style=""padding:4px 18px 4px 0"">Gehäuse</th><td>Edelstahl</td></tr><tr><th align=""left"" style=""padding:4px 18px 4px 0"">Zifferblatt</th><td>Weiß</td></tr><tr><th align=""left"" style=""padding:4px 18px 4px 0"">Band</th><td>Leder</td></tr><tr><th align=""left"" style=""padding:4px 18px 4px 0"">Lieferumfang</th><td>Full Set, Papiere, Echtheitszertifikat, Box</td></tr></table><p>Jede Uhr wird vor dem Verkauf geprüft. 12 Monate Garantie auf das Werk, 14 Tage Rückgaberecht, weltweiter versicherter Versand oder persönliche Übergabe in unserem Showroom in Frankfurt.</p>",Cartier,Armbanduhr,"Cartier, 2010, Full Set",TRUE,Titel,Einzelstück,CRT-TNK-SL-PN,shopify,1,deny,manual,6700,TRUE,TRUE,https://hahn-vo-df1c.vercel.app/assets/products/p460/0.jpg,1,Cartier Tank Solo Piano Dial 24 × 31 mm,active
cartier-tank-solo-piano-dial-24-31-mm-p460,,,,,,,,,,,,,,,,,https://hahn-vo-df1c.vercel.app/assets/products/p460/1.jpg,2,Cartier Tank Solo Piano Dial 24 × 31 mm,
cartier-tank-solo-piano-dial-24-31-mm-p460,,,,,,,,,,,,,,,,,https://hahn-vo-df1c.vercel.app/assets/products/p460/2.jpg,3,Cartier Tank Solo Piano Dial 24 × 31 mm,
cartier-tank-solo-piano-dial-24-31-mm-p460,,,,,,,,,,,,,,,,,https://hahn-vo-df1c.vercel.app/assets/products/p460/3.jpg,4,Cartier Tank Solo Piano Dial 24 × 31 mm,
cartier-tank-solo-piano-dial-24-31-mm-p460,,,,,,,,,,,,,,,,,https://hahn-vo-df1c.vercel.app/assets/products/p460/4.jpg,5,Cartier Tank Solo Piano Dial 24 × 31 mm,
cartier-tank-solo-piano-dial-24-31-mm-p460,,,,,,,,,,,,,,,,,https://hahn-vo-df1c.vercel.app/assets/products/p460/5.jpg,6,Cartier Tank Solo Piano Dial 24 × 31 mm,
rolex-datejust-36-blaues-zifferblatt-oysterband-p459,"Rolex Datejust 36, blaues Zifferblatt, Oysterband","<p>Hier präsentieren wir die Rolex Datejust 36 im Full Set aus dem Jahr 2009. Unsere Bilder sind unbearbeitet und zeigen jedes Detail — mehr, als das bloße Auge wahrnimmt.</p><table><tr><th align=""left"" style=""padding:4px 18px 4px 0"">Referenz</th><td>116200</td></tr><tr><th align=""left"" style=""padding:4px 18px 4px 0"">Baujahr</th><td>2009</td></tr><tr><th align=""left"" style=""padding:4px 18px 4px 0"">Durchmesser</th><td>36 mm</td></tr><tr><th align=""left"" style=""padding:4px 18px 4px 0"">Gehäuse</th><td>Edelstahl</td></tr><tr><th align=""left"" style=""padding:4px 18px 4px 0"">Zifferblatt</th><td>Blau</td></tr><tr><th align=""left"" style=""padding:4px 18px 4px 0"">Band</th><td>Edelstahl</td></tr><tr><th align=""left"" style=""padding:4px 18px 4px 0"">Werk</th><td>Automatik</td></tr><tr><th align=""left"" style=""padding:4px 18px 4px 0"">Lieferumfang</th><td>Full Set, Papiere, Box</td></tr><tr><th align=""left"" style=""padding:4px 18px 4px 0"">Zustand</th><td>Sehr gut</td></tr></table><p>Jede Uhr wird vor dem Verkauf geprüft. 12 Monate Garantie auf das Werk, 14 Tage Rückgaberecht, weltweiter versicherter Versand oder persönliche Übergabe in unserem Showroom in Frankfurt.</p>",Rolex,Armbanduhr,"Rolex, 116200, 2009, Sehr gut, Full Set",TRUE,Titel,Einzelstück,RLX-DTJ-36-ZB2,shopify,1,deny,manual,6350,TRUE,TRUE,https://hahn-vo-df1c.vercel.app/assets/products/p459/2.jpg,1,"Rolex Datejust 36, blaues Zifferblatt, Oysterband",active
rolex-datejust-36-blaues-zifferblatt-oysterband-p459,,,,,,,,,,,,,,,,,https://hahn-vo-df1c.vercel.app/assets/products/p459/0.jpg,2,"Rolex Datejust 36, blaues Zifferblatt, Oysterband",
rolex-datejust-36-blaues-zifferblatt-oysterband-p459,,,,,,,,,,,,,,,,,https://hahn-vo-df1c.vercel.app/assets/products/p459/1.jpg,3,"Rolex Datejust 36, blaues Zifferblatt, Oysterband",
rolex-datejust-36-blaues-zifferblatt-oysterband-p459,,,,,,,,,,,,,,,,,https://hahn-vo-df1c.vercel.app/assets/products/p459/3.jpg,4,"Rolex Datejust 36, blaues Zifferblatt, Oysterband",
rolex-datejust-36-blaues-zifferblatt-oysterband-p459,,,,,,,,,,,,,,,,,https://hahn-vo-df1c.vercel.app/assets/products/p459/4.jpg,5,"Rolex Datejust 36, blaues Zifferblatt, Oysterband",
rolex-datejust-36-blaues-zifferblatt-oysterband-p459,,,,,,,,,,,,,,,,,https://hahn-vo-df1c.vercel.app/assets/products/p459/5.jpg,6,"Rolex Datejust 36, blaues Zifferblatt, Oysterband",
rolex-datejust-36-blaues-zifferblatt-jubilee-p458,"Rolex Datejust 36, blaues Zifferblatt, Jubilee","<p>Hier präsentieren wir die Rolex Datejust 36 neuwertig & ungetragen aus dem Jahr 2022 im Full Set. Unsere Bilder sind unbearbeitet und zeigen jedes Detail — mehr, als das bloße Auge wahrnimmt.</p><table><tr><th align=""left"" style=""padding:4px 18px 4px 0"">Referenz</th><td>126200</td></tr><tr><th align=""left"" style=""padding:4px 18px 4px 0"">Baujahr</th><td>2022</td></tr><tr><th align=""left"" style=""padding:4px 18px 4px 0"">Durchmesser</th><td>36 mm</td></tr><tr><th align=""left"" style=""padding:4px 18px 4px 0"">Gehäuse</th><td>Edelstahl</td></tr><tr><th align=""left"" style=""padding:4px 18px 4px 0"">Zifferblatt</th><td>Blau</td></tr><tr><th align=""left"" style=""padding:4px 18px 4px 0"">Band</th><td>Edelstahl</td></tr><tr><th align=""left"" style=""padding:4px 18px 4px 0"">Werk</th><td>Automatik</td></tr><tr><th align=""left"" style=""padding:4px 18px 4px 0"">Lieferumfang</th><td>Full Set, Papiere, Box</td></tr></table><p>Jede Uhr wird vor dem Verkauf geprüft. 12 Monate Garantie auf das Werk, 14 Tage Rückgaberecht, weltweiter versicherter Versand oder persönliche Übergabe in unserem Showroom in Frankfurt.</p>",Rolex,Armbanduhr,"Rolex, 126200, 2022, Full Set",TRUE,Titel,Einzelstück,RLX-DTJ-36-ZB1,shopify,1,deny,manual,9490,TRUE,TRUE,https://hahn-vo-df1c.vercel.app/assets/products/p458/0.jpg,1,"Rolex Datejust 36, blaues Zifferblatt, Jubilee",active
rolex-datejust-36-blaues-zifferblatt-jubilee-p458,,,,,,,,,,,,,,,,,https://hahn-vo-df1c.vercel.app/assets/products/p458/1.jpg,2,"Rolex Datejust 36, blaues Zifferblatt, Jubilee",
rolex-datejust-36-blaues-zifferblatt-jubilee-p458,,,,,,,,,,,,,,,,,https://hahn-vo-df1c.vercel.app/assets/products/p458/2.jpg,3,"Rolex Datejust 36, blaues Zifferblatt, Jubilee",
rolex-datejust-36-blaues-zifferblatt-jubilee-p458,,,,,,,,,,,,,,,,,https://hahn-vo-df1c.vercel.app/assets/products/p458/3.jpg,4,"Rolex Datejust 36, blaues Zifferblatt, Jubilee",
rolex-datejust-36-blaues-zifferblatt-jubilee-p458,,,,,,,,,,,,,,,,,https://hahn-vo-df1c.vercel.app/assets/products/p458/4.jpg,5,"Rolex Datejust 36, blaues Zifferblatt, Jubilee",
rolex-datejust-36-blaues-zifferblatt-jubilee-p458,,,,,,,,,,,,,,,,,https://hahn-vo-df1c.vercel.app/assets/products/p458/5.jpg,6,"Rolex Datejust 36, blaues Zifferblatt, Jubilee",
omega-speedmaster-38-mm-p457,Omega Speedmaster 38 mm,"<p>Hier präsentieren wir die Omega Speedmaster aus dem Jahr 2018 im Full Set. Unsere Bilder sind unbearbeitet und zeigen jedes Detail — mehr, als das bloße Auge wahrnimmt.</p><table><tr><th align=""left"" style=""padding:4px 18px 4px 0"">Referenz</th><td>324.30.38.50.06.001</td></tr><tr><th align=""left"" style=""padding:4px 18px 4px 0"">Baujahr</th><td>2018</td></tr><tr><th align=""left"" style=""padding:4px 18px 4px 0"">Durchmesser</th><td>38 mm</td></tr><tr><th align=""left"" style=""padding:4px 18px 4px 0"">Gehäuse</th><td>Edelstahl</td></tr><tr><th align=""left"" style=""padding:4px 18px 4px 0"">Zifferblatt</th><td>Grau</td></tr><tr><th align=""left"" style=""padding:4px 18px 4px 0"">Band</th><td>Edelstahl</td></tr><tr><th align=""left"" style=""padding:4px 18px 4px 0"">Lieferumfang</th><td>Full Set, Papiere, Box</td></tr></table><p>Jede Uhr wird vor dem Verkauf geprüft. 12 Monate Garantie auf das Werk, 14 Tage Rückgaberecht, weltweiter versicherter Versand oder persönliche Übergabe in unserem Showroom in Frankfurt.</p>",Omega,Armbanduhr,"Omega, 324.30.38.50.06.001, 2018, Full Set",TRUE,Titel,Einzelstück,MG-SPD-38M-324,shopify,1,deny,manual,3790,TRUE,TRUE,https://hahn-vo-df1c.vercel.app/assets/products/p457/0.jpg,1,Omega Speedmaster 38 mm,active
omega-speedmaster-38-mm-p457,,,,,,,,,,,,,,,,,https://hahn-vo-df1c.vercel.app/assets/products/p457/1.jpg,2,Omega Speedmaster 38 mm,
omega-speedmaster-38-mm-p457,,,,,,,,,,,,,,,,,https://hahn-vo-df1c.vercel.app/assets/products/p457/2.jpg,3,Omega Speedmaster 38 mm,
omega-speedmaster-38-mm-p457,,,,,,,,,,,,,,,,,https://hahn-vo-df1c.vercel.app/assets/products/p457/3.jpg,4,Omega Speedmaster 38 mm,
omega-speedmaster-38-mm-p457,,,,,,,,,,,,,,,,,https://hahn-vo-df1c.vercel.app/assets/products/p457/4.jpg,5,Omega Speedmaster 38 mm,
omega-speedmaster-38-mm-p457,,,,,,,,,,,,,,,,,https://hahn-vo-df1c.vercel.app/assets/products/p457/5.jpg,6,Omega Speedmaster 38 mm,
glashuette-original-panomatic-lunar-p456,Glashütte Original Panomatic Lunar,"<p>Hier präsentieren wir die Glashütte Original Panomatic Lunar aus dem Jahr 2022 im Full Set. Unsere Bilder sind unbearbeitet und zeigen jedes Detail — mehr, als das bloße Auge wahrnimmt.</p><table><tr><th align=""left"" style=""padding:4px 18px 4px 0"">Referenz</th><td>1-90-02-42-32-05</td></tr><tr><th align=""left"" style=""padding:4px 18px 4px 0"">Baujahr</th><td>2022</td></tr><tr><th align=""left"" style=""padding:4px 18px 4px 0"">Durchmesser</th><td>40 mm</td></tr><tr><th align=""left"" style=""padding:4px 18px 4px 0"">Gehäuse</th><td>Edelstahl</td></tr><tr><th align=""left"" style=""padding:4px 18px 4px 0"">Zifferblatt</th><td>Silber</td></tr><tr><th align=""left"" style=""padding:4px 18px 4px 0"">Band</th><td>Leder</td></tr><tr><th align=""left"" style=""padding:4px 18px 4px 0"">Lieferumfang</th><td>Full Set, Papiere, Box</td></tr></table><p>Jede Uhr wird vor dem Verkauf geprüft. 12 Monate Garantie auf das Werk, 14 Tage Rückgaberecht, weltweiter versicherter Versand oder persönliche Übergabe in unserem Showroom in Frankfurt.</p>",Glashütte Original,Armbanduhr,"Glashütte Original, 1-90-02-42-32-05, 2022, Full Set",TRUE,Titel,Einzelstück,XN-GLS-RGN-PNM,shopify,1,deny,manual,8290,TRUE,TRUE,https://hahn-vo-df1c.vercel.app/assets/products/p456/0.jpg,1,Glashütte Original Panomatic Lunar,active
glashuette-original-panomatic-lunar-p456,,,,,,,,,,,,,,,,,https://hahn-vo-df1c.vercel.app/assets/products/p456/1.jpg,2,Glashütte Original Panomatic Lunar,
glashuette-original-panomatic-lunar-p456,,,,,,,,,,,,,,,,,https://hahn-vo-df1c.vercel.app/assets/products/p456/2.jpg,3,Glashütte Original Panomatic Lunar,
glashuette-original-panomatic-lunar-p456,,,,,,,,,,,,,,,,,https://hahn-vo-df1c.vercel.app/assets/products/p456/3.jpg,4,Glashütte Original Panomatic Lunar,
glashuette-original-panomatic-lunar-p456,,,,,,,,,,,,,,,,,https://hahn-vo-df1c.vercel.app/assets/products/p456/4.jpg,5,Glashütte Original Panomatic Lunar,
glashuette-original-panomatic-lunar-p456,,,,,,,,,,,,,,,,,https://hahn-vo-df1c.vercel.app/assets/products/p456/5.jpg,6,Glashütte Original Panomatic Lunar,
iwc-big-pilot-top-gun-keramik-46-mm-p454,IWC Big Pilot Top Gun Keramik 46 mm,"<p>Hier präsentieren wir die IWC Big Pilot Top Gun aus dem Jahr 2017 im Full Set.</p><table><tr><th align=""left"" style=""padding:4px 18px 4px 0"">Referenz</th><td>IW502001</td></tr><tr><th align=""left"" style=""padding:4px 18px 4px 0"">Baujahr</th><td>2017</td></tr><tr><th align=""left"" style=""padding:4px 18px 4px 0"">Durchmesser</th><td>46 mm</td></tr><tr><th align=""left"" style=""padding:4px 18px 4px 0"">Gehäuse</th><td>Keramik</td></tr><tr><th align=""left"" style=""padding:4px 18px 4px 0"">Zifferblatt</th><td>Schwarz</td></tr><tr><th align=""left"" style=""padding:4px 18px 4px 0"">Band</th><td>Leder</td></tr><tr><th align=""left"" style=""padding:4px 18px 4px 0"">Lieferumfang</th><td>Full Set, Papiere, Box</td></tr></table><p>Jede Uhr wird vor dem Verkauf geprüft. 12 Monate Garantie auf das Werk, 14 Tage Rückgaberecht, weltweiter versicherter Versand oder persönliche Übergabe in unserem Showroom in Frankfurt.</p>",IWC,Armbanduhr,"IWC, IW502001, 2017, Full Set",TRUE,Titel,Einzelstück,IWC-BIG-PLT-TOP,shopify,1,deny,manual,7790,TRUE,TRUE,https://hahn-vo-df1c.vercel.app/assets/products/p454/0.jpg,1,IWC Big Pilot Top Gun Keramik 46 mm,active
iwc-big-pilot-top-gun-keramik-46-mm-p454,,,,,,,,,,,,,,,,,https://hahn-vo-df1c.vercel.app/assets/products/p454/1.jpg,2,IWC Big Pilot Top Gun Keramik 46 mm,
iwc-big-pilot-top-gun-keramik-46-mm-p454,,,,,,,,,,,,,,,,,https://hahn-vo-df1c.vercel.app/assets/products/p454/2.jpg,3,IWC Big Pilot Top Gun Keramik 46 mm,
iwc-big-pilot-top-gun-keramik-46-mm-p454,,,,,,,,,,,,,,,,,https://hahn-vo-df1c.vercel.app/assets/products/p454/3.jpg,4,IWC Big Pilot Top Gun Keramik 46 mm,
iwc-big-pilot-top-gun-keramik-46-mm-p454,,,,,,,,,,,,,,,,,https://hahn-vo-df1c.vercel.app/assets/products/p454/4.jpg,5,IWC Big Pilot Top Gun Keramik 46 mm,
iwc-big-pilot-top-gun-keramik-46-mm-p454,,,,,,,,,,,,,,,,,https://hahn-vo-df1c.vercel.app/assets/products/p454/5.jpg,6,IWC Big Pilot Top Gun Keramik 46 mm,
rolex-submariner-date-p452,Rolex Submariner Date,"<p>Hier präsentieren wir die Rolex Submariner Date aus dem Jahr 2022 im Full Set. Unsere Bilder sind unbearbeitet und zeigen jedes Detail — mehr, als das bloße Auge wahrnimmt.</p><table><tr><th align=""left"" style=""padding:4px 18px 4px 0"">Referenz</th><td>126610LN</td></tr><tr><th align=""left"" style=""padding:4px 18px 4px 0"">Baujahr</th><td>2022</td></tr><tr><th align=""left"" style=""padding:4px 18px 4px 0"">Durchmesser</th><td>41 mm</td></tr><tr><th align=""left"" style=""padding:4px 18px 4px 0"">Gehäuse</th><td>Edelstahl</td></tr><tr><th align=""left"" style=""padding:4px 18px 4px 0"">Zifferblatt</th><td>Schwarz</td></tr><tr><th align=""left"" style=""padding:4px 18px 4px 0"">Band</th><td>Edelstahl</td></tr><tr><th align=""left"" style=""padding:4px 18px 4px 0"">Werk</th><td>Automatik</td></tr><tr><th align=""left"" style=""padding:4px 18px 4px 0"">Lieferumfang</th><td>Full Set, Papiere, Box</td></tr><tr><th align=""left"" style=""padding:4px 18px 4px 0"">Zustand</th><td>Sehr gut</td></tr></table><p>Jede Uhr wird vor dem Verkauf geprüft. 12 Monate Garantie auf das Werk, 14 Tage Rückgaberecht, weltweiter versicherter Versand oder persönliche Übergabe in unserem Showroom in Frankfurt.</p>",Rolex,Armbanduhr,"Rolex, 126610LN, 2022, Sehr gut, Full Set",TRUE,Titel,Einzelstück,RLX-SBM-DT-126,shopify,1,deny,manual,11950,TRUE,TRUE,https://hahn-vo-df1c.vercel.app/assets/products/p452/0.jpg,1,Rolex Submariner Date,active
rolex-submariner-date-p452,,,,,,,,,,,,,,,,,https://hahn-vo-df1c.vercel.app/assets/products/p452/1.jpg,2,Rolex Submariner Date,
rolex-submariner-date-p452,,,,,,,,,,,,,,,,,https://hahn-vo-df1c.vercel.app/assets/products/p452/2.jpg,3,Rolex Submariner Date,
rolex-submariner-date-p452,,,,,,,,,,,,,,,,,https://hahn-vo-df1c.vercel.app/assets/products/p452/3.jpg,4,Rolex Submariner Date,
rolex-submariner-date-p452,,,,,,,,,,,,,,,,,https://hahn-vo-df1c.vercel.app/assets/products/p452/4.jpg,5,Rolex Submariner Date,
sinn-103-st-chronograph-automatik-p451,Sinn 103 St Chronograph Automatik,"<p>Hier präsentieren wir die Sinn 103 Chronograph aus dem Jahr 2015 im Full Set. Unsere Bilder sind unbearbeitet und zeigen jedes Detail — mehr, als das bloße Auge wahrnimmt.</p><table><tr><th align=""left"" style=""padding:4px 18px 4px 0"">Referenz</th><td>103</td></tr><tr><th align=""left"" style=""padding:4px 18px 4px 0"">Baujahr</th><td>2015</td></tr><tr><th align=""left"" style=""padding:4px 18px 4px 0"">Durchmesser</th><td>41 mm</td></tr><tr><th align=""left"" style=""padding:4px 18px 4px 0"">Gehäuse</th><td>Edelstahl</td></tr><tr><th align=""left"" style=""padding:4px 18px 4px 0"">Zifferblatt</th><td>Schwarz</td></tr><tr><th align=""left"" style=""padding:4px 18px 4px 0"">Band</th><td>Edelstahl</td></tr><tr><th align=""left"" style=""padding:4px 18px 4px 0"">Lieferumfang</th><td>Full Set, Papiere, Box</td></tr></table><p>Jede Uhr wird vor dem Verkauf geprüft. 12 Monate Garantie auf das Werk, 14 Tage Rückgaberecht, weltweiter versicherter Versand oder persönliche Übergabe in unserem Showroom in Frankfurt.</p>",Sinn,Armbanduhr,"Sinn, 103, 2015, Full Set",TRUE,Titel,Einzelstück,SNN-103-CHR-TMT,shopify,1,deny,manual,2190,TRUE,TRUE,https://hahn-vo-df1c.vercel.app/assets/products/p451/0.jpg,1,Sinn 103 St Chronograph Automatik,active
sinn-103-st-chronograph-automatik-p451,,,,,,,,,,,,,,,,,https://hahn-vo-df1c.vercel.app/assets/products/p451/1.jpg,2,Sinn 103 St Chronograph Automatik,
sinn-103-st-chronograph-automatik-p451,,,,,,,,,,,,,,,,,https://hahn-vo-df1c.vercel.app/assets/products/p451/2.jpg,3,Sinn 103 St Chronograph Automatik,
sinn-103-st-chronograph-automatik-p451,,,,,,,,,,,,,,,,,https://hahn-vo-df1c.vercel.app/assets/products/p451/3.jpg,4,Sinn 103 St Chronograph Automatik,
sinn-103-st-chronograph-automatik-p451,,,,,,,,,,,,,,,,,https://hahn-vo-df1c.vercel.app/assets/products/p451/4.jpg,5,Sinn 103 St Chronograph Automatik,
sinn-103-st-chronograph-automatik-p451,,,,,,,,,,,,,,,,,https://hahn-vo-df1c.vercel.app/assets/products/p451/5.jpg,6,Sinn 103 St Chronograph Automatik,
iwc-portugieser-handaufzug-p450,IWC Portugieser Handaufzug,"<p>Hier präsentieren wir die IWC Portugieser Handaufzug mit Box und Service-Garantiekarte. Unsere Bilder sind unbearbeitet und zeigen jedes Detail — mehr, als das bloße Auge wahrnimmt.</p><table><tr><th align=""left"" style=""padding:4px 18px 4px 0"">Referenz</th><td>IW545405</td></tr><tr><th align=""left"" style=""padding:4px 18px 4px 0"">Durchmesser</th><td>44 mm</td></tr><tr><th align=""left"" style=""padding:4px 18px 4px 0"">Gehäuse</th><td>Edelstahl</td></tr><tr><th align=""left"" style=""padding:4px 18px 4px 0"">Zifferblatt</th><td>Weiß</td></tr><tr><th align=""left"" style=""padding:4px 18px 4px 0"">Band</th><td>Leder</td></tr><tr><th align=""left"" style=""padding:4px 18px 4px 0"">Lieferumfang</th><td>Garantiekarte, Box</td></tr></table><p>Jede Uhr wird vor dem Verkauf geprüft. 12 Monate Garantie auf das Werk, 14 Tage Rückgaberecht, weltweiter versicherter Versand oder persönliche Übergabe in unserem Showroom in Frankfurt.</p>",IWC,Armbanduhr,"IWC, IW545405",TRUE,Titel,Einzelstück,IWC-PRT-HND-W54,shopify,1,deny,manual,4190,TRUE,TRUE,https://hahn-vo-df1c.vercel.app/assets/products/p450/0.jpg,1,IWC Portugieser Handaufzug,active
iwc-portugieser-handaufzug-p450,,,,,,,,,,,,,,,,,https://hahn-vo-df1c.vercel.app/assets/products/p450/1.jpg,2,IWC Portugieser Handaufzug,
iwc-portugieser-handaufzug-p450,,,,,,,,,,,,,,,,,https://hahn-vo-df1c.vercel.app/assets/products/p450/2.jpg,3,IWC Portugieser Handaufzug,
iwc-portugieser-handaufzug-p450,,,,,,,,,,,,,,,,,https://hahn-vo-df1c.vercel.app/assets/products/p450/3.jpg,4,IWC Portugieser Handaufzug,
iwc-portugieser-handaufzug-p450,,,,,,,,,,,,,,,,,https://hahn-vo-df1c.vercel.app/assets/products/p450/4.jpg,5,IWC Portugieser Handaufzug,
iwc-portugieser-handaufzug-p450,,,,,,,,,,,,,,,,,https://hahn-vo-df1c.vercel.app/assets/products/p450/5.jpg,6,IWC Portugieser Handaufzug,
omega-globemaster-constellation-stahl-gold-p387,Omega Globemaster Constellation Stahl / Gold,"<p>Hier präsentieren wir die Omega Globemaster Constellation 39 mm in Stahl / Gold. Diese Globemaster hatte im Sommer 2024 einen Service bei Omega gehabt. Der Vorbesitzer hat leider die Garantiekarte & Servicepapiere verloren, jedoch haben wir davon jeweils die Fotos. Unsere Bilder sind unbearbeitet und zeigen jedes Detail — mehr, als das bloße Auge wahrnimmt.</p><table><tr><th align=""left"" style=""padding:4px 18px 4px 0"">Referenz</th><td>130.23.39.21.03.001</td></tr><tr><th align=""left"" style=""padding:4px 18px 4px 0"">Baujahr</th><td>2018</td></tr><tr><th align=""left"" style=""padding:4px 18px 4px 0"">Durchmesser</th><td>39 mm</td></tr><tr><th align=""left"" style=""padding:4px 18px 4px 0"">Gehäuse</th><td>Stahl / Gold</td></tr><tr><th align=""left"" style=""padding:4px 18px 4px 0"">Zifferblatt</th><td>Blau</td></tr><tr><th align=""left"" style=""padding:4px 18px 4px 0"">Band</th><td>Leder</td></tr><tr><th align=""left"" style=""padding:4px 18px 4px 0"">Werk</th><td>Automatik (Omega Manufakturkaliber)</td></tr><tr><th align=""left"" style=""padding:4px 18px 4px 0"">Lieferumfang</th><td>Papiere, Garantiekarte, Box</td></tr></table><p>Jede Uhr wird vor dem Verkauf geprüft. 12 Monate Garantie auf das Werk, 14 Tage Rückgaberecht, weltweiter versicherter Versand oder persönliche Übergabe in unserem Showroom in Frankfurt.</p>",Omega,Armbanduhr,"Omega, 130.23.39.21.03.001, 2018",TRUE,Titel,Einzelstück,MG-GLB-CNS-130,shopify,1,deny,manual,5650,TRUE,TRUE,https://hahn-vo-df1c.vercel.app/assets/products/p387/0.jpg,1,Omega Globemaster Constellation Stahl / Gold,active
omega-globemaster-constellation-stahl-gold-p387,,,,,,,,,,,,,,,,,https://hahn-vo-df1c.vercel.app/assets/products/p387/1.jpg,2,Omega Globemaster Constellation Stahl / Gold,
omega-globemaster-constellation-stahl-gold-p387,,,,,,,,,,,,,,,,,https://hahn-vo-df1c.vercel.app/assets/products/p387/2.jpg,3,Omega Globemaster Constellation Stahl / Gold,
omega-globemaster-constellation-stahl-gold-p387,,,,,,,,,,,,,,,,,https://hahn-vo-df1c.vercel.app/assets/products/p387/3.jpg,4,Omega Globemaster Constellation Stahl / Gold,
omega-globemaster-constellation-stahl-gold-p387,,,,,,,,,,,,,,,,,https://hahn-vo-df1c.vercel.app/assets/products/p387/4.jpg,5,Omega Globemaster Constellation Stahl / Gold,
omega-globemaster-constellation-stahl-gold-p387,,,,,,,,,,,,,,,,,https://hahn-vo-df1c.vercel.app/assets/products/p387/5.jpg,6,Omega Globemaster Constellation Stahl / Gold,
jaeger-lecoultre-reverso-classic-handaufzug-p446,Jaeger-LeCoultre Reverso Classic Handaufzug,"<p>Hier präsentieren wir die Jaeger Le Coultre Reverso aus dem Jahr 2019 im Full Set. Unsere Bilder sind unbearbeitet und zeigen jedes Detail — mehr, als das bloße Auge wahrnimmt.</p><table><tr><th align=""left"" style=""padding:4px 18px 4px 0"">Baujahr</th><td>2019</td></tr><tr><th align=""left"" style=""padding:4px 18px 4px 0"">Durchmesser</th><td>40.1 mm</td></tr><tr><th align=""left"" style=""padding:4px 18px 4px 0"">Gehäuse</th><td>Edelstahl</td></tr><tr><th align=""left"" style=""padding:4px 18px 4px 0"">Zifferblatt</th><td>Silber</td></tr><tr><th align=""left"" style=""padding:4px 18px 4px 0"">Band</th><td>Leder</td></tr><tr><th align=""left"" style=""padding:4px 18px 4px 0"">Lieferumfang</th><td>Full Set, Papiere, Box</td></tr></table><p>Jede Uhr wird vor dem Verkauf geprüft. 12 Monate Garantie auf das Werk, 14 Tage Rückgaberecht, weltweiter versicherter Versand oder persönliche Übergabe in unserem Showroom in Frankfurt.</p>",Jaeger-LeCoultre,Armbanduhr,"Jaeger-LeCoultre, 2019, Full Set",TRUE,Titel,Einzelstück,JGR-LE-CLT-RVR,shopify,1,deny,manual,6290,TRUE,TRUE,https://hahn-vo-df1c.vercel.app/assets/products/p446/0.jpg,1,Jaeger-LeCoultre Reverso Classic Handaufzug,active
jaeger-lecoultre-reverso-classic-handaufzug-p446,,,,,,,,,,,,,,,,,https://hahn-vo-df1c.vercel.app/assets/products/p446/1.jpg,2,Jaeger-LeCoultre Reverso Classic Handaufzug,
jaeger-lecoultre-reverso-classic-handaufzug-p446,,,,,,,,,,,,,,,,,https://hahn-vo-df1c.vercel.app/assets/products/p446/2.jpg,3,Jaeger-LeCoultre Reverso Classic Handaufzug,
jaeger-lecoultre-reverso-classic-handaufzug-p446,,,,,,,,,,,,,,,,,https://hahn-vo-df1c.vercel.app/assets/products/p446/3.jpg,4,Jaeger-LeCoultre Reverso Classic Handaufzug,
jaeger-lecoultre-reverso-classic-handaufzug-p446,,,,,,,,,,,,,,,,,https://hahn-vo-df1c.vercel.app/assets/products/p446/4.jpg,5,Jaeger-LeCoultre Reverso Classic Handaufzug,
jaeger-lecoultre-reverso-classic-handaufzug-p446,,,,,,,,,,,,,,,,,https://hahn-vo-df1c.vercel.app/assets/products/p446/5.jpg,6,Jaeger-LeCoultre Reverso Classic Handaufzug,
rolex-datejust-36-perlmutt-diamant-zifferblatt-p449,Rolex Datejust 36 Perlmutt-Diamant-Zifferblatt,"<p>Hier präsentieren wir die Rolex Datejust 36 aus dem Jahr 1983 mit Originalbox. Unsere Bilder sind unbearbeitet und zeigen jedes Detail — mehr, als das bloße Auge wahrnimmt.</p><table><tr><th align=""left"" style=""padding:4px 18px 4px 0"">Referenz</th><td>16014</td></tr><tr><th align=""left"" style=""padding:4px 18px 4px 0"">Baujahr</th><td>1983</td></tr><tr><th align=""left"" style=""padding:4px 18px 4px 0"">Durchmesser</th><td>36 mm</td></tr><tr><th align=""left"" style=""padding:4px 18px 4px 0"">Gehäuse</th><td>Edelstahl</td></tr><tr><th align=""left"" style=""padding:4px 18px 4px 0"">Zifferblatt</th><td>MOP Diamond Dial (aftermarket)</td></tr><tr><th align=""left"" style=""padding:4px 18px 4px 0"">Band</th><td>Edelstahl</td></tr><tr><th align=""left"" style=""padding:4px 18px 4px 0"">Lieferumfang</th><td>Box</td></tr></table><p>Jede Uhr wird vor dem Verkauf geprüft. 12 Monate Garantie auf das Werk, 14 Tage Rückgaberecht, weltweiter versicherter Versand oder persönliche Übergabe in unserem Showroom in Frankfurt.</p>",Rolex,Armbanduhr,"Rolex, 16014, 1983",TRUE,Titel,Einzelstück,RLX-DTJ-36-MOP,shopify,1,deny,manual,5490,TRUE,TRUE,https://hahn-vo-df1c.vercel.app/assets/products/p449/0.jpg,1,Rolex Datejust 36 Perlmutt-Diamant-Zifferblatt,active
rolex-datejust-36-perlmutt-diamant-zifferblatt-p449,,,,,,,,,,,,,,,,,https://hahn-vo-df1c.vercel.app/assets/products/p449/1.jpg,2,Rolex Datejust 36 Perlmutt-Diamant-Zifferblatt,
rolex-datejust-36-perlmutt-diamant-zifferblatt-p449,,,,,,,,,,,,,,,,,https://hahn-vo-df1c.vercel.app/assets/products/p449/2.jpg,3,Rolex Datejust 36 Perlmutt-Diamant-Zifferblatt,
rolex-datejust-36-perlmutt-diamant-zifferblatt-p449,,,,,,,,,,,,,,,,,https://hahn-vo-df1c.vercel.app/assets/products/p449/3.jpg,4,Rolex Datejust 36 Perlmutt-Diamant-Zifferblatt,
rolex-datejust-36-perlmutt-diamant-zifferblatt-p449,,,,,,,,,,,,,,,,,https://hahn-vo-df1c.vercel.app/assets/products/p449/4.jpg,5,Rolex Datejust 36 Perlmutt-Diamant-Zifferblatt,
rolex-datejust-36-perlmutt-diamant-zifferblatt-p449,,,,,,,,,,,,,,,,,https://hahn-vo-df1c.vercel.app/assets/products/p449/5.jpg,6,Rolex Datejust 36 Perlmutt-Diamant-Zifferblatt,
nomos-ludwig-handaufzug-34-mm-p434,Nomos Ludwig Handaufzug 34 mm,"<p>Hier präsentieren wir die Nomos Luwdwig aus dem Jahr 2011 im Full Set. Unsere Bilder sind unbearbeitet und zeigen jedes Detail — mehr, als das bloße Auge wahrnimmt.</p><table><tr><th align=""left"" style=""padding:4px 18px 4px 0"">Referenz</th><td>205</td></tr><tr><th align=""left"" style=""padding:4px 18px 4px 0"">Baujahr</th><td>2011</td></tr><tr><th align=""left"" style=""padding:4px 18px 4px 0"">Durchmesser</th><td>34 mm</td></tr><tr><th align=""left"" style=""padding:4px 18px 4px 0"">Gehäuse</th><td>Edelstahl</td></tr><tr><th align=""left"" style=""padding:4px 18px 4px 0"">Zifferblatt</th><td>Weiß</td></tr><tr><th align=""left"" style=""padding:4px 18px 4px 0"">Band</th><td>Leder (stark gebraucht)</td></tr><tr><th align=""left"" style=""padding:4px 18px 4px 0"">Lieferumfang</th><td>Full Set, Papiere, Box</td></tr></table><p>Jede Uhr wird vor dem Verkauf geprüft. 12 Monate Garantie auf das Werk, 14 Tage Rückgaberecht, weltweiter versicherter Versand oder persönliche Übergabe in unserem Showroom in Frankfurt.</p>",Nomos,Armbanduhr,"Nomos, 205, 2011, Full Set",TRUE,Titel,Einzelstück,NMS-LDW-34M-205,shopify,1,deny,manual,1190,TRUE,TRUE,https://hahn-vo-df1c.vercel.app/assets/products/p434/0.jpg,1,Nomos Ludwig Handaufzug 34 mm,active
nomos-ludwig-handaufzug-34-mm-p434,,,,,,,,,,,,,,,,,https://hahn-vo-df1c.vercel.app/assets/products/p434/1.jpg,2,Nomos Ludwig Handaufzug 34 mm,
nomos-ludwig-handaufzug-34-mm-p434,,,,,,,,,,,,,,,,,https://hahn-vo-df1c.vercel.app/assets/products/p434/2.jpg,3,Nomos Ludwig Handaufzug 34 mm,
nomos-ludwig-handaufzug-34-mm-p434,,,,,,,,,,,,,,,,,https://hahn-vo-df1c.vercel.app/assets/products/p434/3.jpg,4,Nomos Ludwig Handaufzug 34 mm,
nomos-ludwig-handaufzug-34-mm-p434,,,,,,,,,,,,,,,,,https://hahn-vo-df1c.vercel.app/assets/products/p434/4.jpg,5,Nomos Ludwig Handaufzug 34 mm,
nomos-ludwig-handaufzug-34-mm-p434,,,,,,,,,,,,,,,,,https://hahn-vo-df1c.vercel.app/assets/products/p434/5.jpg,6,Nomos Ludwig Handaufzug 34 mm,
rolex-datejust-41-weissgold-luenette-jubilee-p444,Rolex Datejust 41 Weißgold-Lünette Jubilee,"<p>Hier präsentieren wir die Rolex Datejust 41 aus dem Jahr 2026 im Full Set. Unsere Bilder sind unbearbeitet und zeigen jedes Detail — mehr, als das bloße Auge wahrnimmt.</p><table><tr><th align=""left"" style=""padding:4px 18px 4px 0"">Referenz</th><td>126334</td></tr><tr><th align=""left"" style=""padding:4px 18px 4px 0"">Baujahr</th><td>2026</td></tr><tr><th align=""left"" style=""padding:4px 18px 4px 0"">Durchmesser</th><td>41 mm</td></tr><tr><th align=""left"" style=""padding:4px 18px 4px 0"">Gehäuse</th><td>Edelstahl</td></tr><tr><th align=""left"" style=""padding:4px 18px 4px 0"">Zifferblatt</th><td>Schwarz</td></tr><tr><th align=""left"" style=""padding:4px 18px 4px 0"">Band</th><td>Edelstahl</td></tr><tr><th align=""left"" style=""padding:4px 18px 4px 0"">Lieferumfang</th><td>Full Set, Papiere, Box</td></tr></table><p>Jede Uhr wird vor dem Verkauf geprüft. 12 Monate Garantie auf das Werk, 14 Tage Rückgaberecht, weltweiter versicherter Versand oder persönliche Übergabe in unserem Showroom in Frankfurt.</p>",Rolex,Armbanduhr,"Rolex, 126334, 2026, Full Set",TRUE,Titel,Einzelstück,XN-RLX-DTJ-41,shopify,1,deny,manual,13990,TRUE,TRUE,https://hahn-vo-df1c.vercel.app/assets/products/p444/0.jpg,1,Rolex Datejust 41 Weißgold-Lünette Jubilee,active
rolex-datejust-41-weissgold-luenette-jubilee-p444,,,,,,,,,,,,,,,,,https://hahn-vo-df1c.vercel.app/assets/products/p444/1.jpg,2,Rolex Datejust 41 Weißgold-Lünette Jubilee,
rolex-datejust-41-weissgold-luenette-jubilee-p444,,,,,,,,,,,,,,,,,https://hahn-vo-df1c.vercel.app/assets/products/p444/2.jpg,3,Rolex Datejust 41 Weißgold-Lünette Jubilee,
rolex-datejust-41-weissgold-luenette-jubilee-p444,,,,,,,,,,,,,,,,,https://hahn-vo-df1c.vercel.app/assets/products/p444/3.jpg,4,Rolex Datejust 41 Weißgold-Lünette Jubilee,
rolex-datejust-41-weissgold-luenette-jubilee-p444,,,,,,,,,,,,,,,,,https://hahn-vo-df1c.vercel.app/assets/products/p444/4.jpg,5,Rolex Datejust 41 Weißgold-Lünette Jubilee,
rolex-datejust-41-weissgold-luenette-jubilee-p444,,,,,,,,,,,,,,,,,https://hahn-vo-df1c.vercel.app/assets/products/p444/5.jpg,6,Rolex Datejust 41 Weißgold-Lünette Jubilee,
omega-seamaster-vintage-36-mm-blau-p443,"Omega Seamaster Vintage 36 mm, blau","<p>Hier präsentieren wir die Omega Seamaster Vintage. Unsere Bilder sind unbearbeitet und zeigen jedes Detail — mehr, als das bloße Auge wahrnimmt.</p><table><tr><th align=""left"" style=""padding:4px 18px 4px 0"">Referenz</th><td>2501.81</td></tr><tr><th align=""left"" style=""padding:4px 18px 4px 0"">Durchmesser</th><td>36 mm</td></tr><tr><th align=""left"" style=""padding:4px 18px 4px 0"">Gehäuse</th><td>Edelstahl</td></tr><tr><th align=""left"" style=""padding:4px 18px 4px 0"">Zifferblatt</th><td>Blau</td></tr><tr><th align=""left"" style=""padding:4px 18px 4px 0"">Band</th><td>Edelstahl</td></tr><tr><th align=""left"" style=""padding:4px 18px 4px 0"">Werk</th><td>Automatik 12</td></tr></table><p>Jede Uhr wird vor dem Verkauf geprüft. 12 Monate Garantie auf das Werk, 14 Tage Rückgaberecht, weltweiter versicherter Versand oder persönliche Übergabe in unserem Showroom in Frankfurt.</p>",Omega,Armbanduhr,"Omega, 2501.81",TRUE,Titel,Einzelstück,MG-SMS-VNT-BL,shopify,1,deny,manual,1590,TRUE,TRUE,https://hahn-vo-df1c.vercel.app/assets/products/p443/0.jpg,1,"Omega Seamaster Vintage 36 mm, blau",active
omega-seamaster-vintage-36-mm-blau-p443,,,,,,,,,,,,,,,,,https://hahn-vo-df1c.vercel.app/assets/products/p443/1.jpg,2,"Omega Seamaster Vintage 36 mm, blau",
omega-seamaster-vintage-36-mm-blau-p443,,,,,,,,,,,,,,,,,https://hahn-vo-df1c.vercel.app/assets/products/p443/2.jpg,3,"Omega Seamaster Vintage 36 mm, blau",
omega-seamaster-vintage-36-mm-blau-p443,,,,,,,,,,,,,,,,,https://hahn-vo-df1c.vercel.app/assets/products/p443/3.jpg,4,"Omega Seamaster Vintage 36 mm, blau",
omega-seamaster-vintage-36-mm-blau-p443,,,,,,,,,,,,,,,,,https://hahn-vo-df1c.vercel.app/assets/products/p443/4.jpg,5,"Omega Seamaster Vintage 36 mm, blau",
omega-seamaster-vintage-36-mm-blau-p443,,,,,,,,,,,,,,,,,https://hahn-vo-df1c.vercel.app/assets/products/p443/5.jpg,6,"Omega Seamaster Vintage 36 mm, blau",
longines-saint-imier-chronograph-41-mm-p441,Longines Saint-Imier Chronograph 41 mm,"<p>Hier präsentieren wir die Rolex Longines Saint-Imier Chronograph. Unsere Bilder sind unbearbeitet und zeigen jedes Detail — mehr, als das bloße Auge wahrnimmt.</p><table><tr><th align=""left"" style=""padding:4px 18px 4px 0"">Referenz</th><td>L2.752.4.72.6</td></tr><tr><th align=""left"" style=""padding:4px 18px 4px 0"">Durchmesser</th><td>41 mm</td></tr><tr><th align=""left"" style=""padding:4px 18px 4px 0"">Gehäuse</th><td>Edelstahl</td></tr><tr><th align=""left"" style=""padding:4px 18px 4px 0"">Zifferblatt</th><td>Weiß</td></tr><tr><th align=""left"" style=""padding:4px 18px 4px 0"">Band</th><td>Edelstahl</td></tr><tr><th align=""left"" style=""padding:4px 18px 4px 0"">Werk</th><td>Automatik 12</td></tr></table><p>Jede Uhr wird vor dem Verkauf geprüft. 12 Monate Garantie auf das Werk, 14 Tage Rückgaberecht, weltweiter versicherter Versand oder persönliche Übergabe in unserem Showroom in Frankfurt.</p>",Longines,Armbanduhr,"Longines, L2.752.4.72.6",TRUE,Titel,Einzelstück,LNG-SNT-MR-CHR,shopify,1,deny,manual,1850,TRUE,TRUE,https://hahn-vo-df1c.vercel.app/assets/products/p441/0.jpg,1,Longines Saint-Imier Chronograph 41 mm,active
longines-saint-imier-chronograph-41-mm-p441,,,,,,,,,,,,,,,,,https://hahn-vo-df1c.vercel.app/assets/products/p441/1.jpg,2,Longines Saint-Imier Chronograph 41 mm,
longines-saint-imier-chronograph-41-mm-p441,,,,,,,,,,,,,,,,,https://hahn-vo-df1c.vercel.app/assets/products/p441/2.jpg,3,Longines Saint-Imier Chronograph 41 mm,
longines-saint-imier-chronograph-41-mm-p441,,,,,,,,,,,,,,,,,https://hahn-vo-df1c.vercel.app/assets/products/p441/3.jpg,4,Longines Saint-Imier Chronograph 41 mm,
longines-saint-imier-chronograph-41-mm-p441,,,,,,,,,,,,,,,,,https://hahn-vo-df1c.vercel.app/assets/products/p441/4.jpg,5,Longines Saint-Imier Chronograph 41 mm,
longines-saint-imier-chronograph-41-mm-p441,,,,,,,,,,,,,,,,,https://hahn-vo-df1c.vercel.app/assets/products/p441/5.jpg,6,Longines Saint-Imier Chronograph 41 mm,
cartier-cl-de-cartier-p439,Cartier Clé de Cartier,"<p>Hier präsentieren wir die Cartier Cle de Cartier aus dem Jahr 2017 im Full Set. Unsere Bilder sind unbearbeitet und zeigen jedes Detail — mehr, als das bloße Auge wahrnimmt.</p><table><tr><th align=""left"" style=""padding:4px 18px 4px 0"">Referenz</th><td>WSCL0006</td></tr><tr><th align=""left"" style=""padding:4px 18px 4px 0"">Baujahr</th><td>2017</td></tr><tr><th align=""left"" style=""padding:4px 18px 4px 0"">Durchmesser</th><td>35 mm</td></tr><tr><th align=""left"" style=""padding:4px 18px 4px 0"">Gehäuse</th><td>Edelstahl</td></tr><tr><th align=""left"" style=""padding:4px 18px 4px 0"">Zifferblatt</th><td>Weiß römisch</td></tr><tr><th align=""left"" style=""padding:4px 18px 4px 0"">Band</th><td>Edelstahl</td></tr><tr><th align=""left"" style=""padding:4px 18px 4px 0"">Lieferumfang</th><td>Full Set, Papiere, Box</td></tr></table><p>Jede Uhr wird vor dem Verkauf geprüft. 12 Monate Garantie auf das Werk, 14 Tage Rückgaberecht, weltweiter versicherter Versand oder persönliche Übergabe in unserem Showroom in Frankfurt.</p>",Cartier,Armbanduhr,"Cartier, WSCL0006, 2017, Full Set",TRUE,Titel,Einzelstück,CRT-CLE-DE-CRT,shopify,1,deny,manual,3850,TRUE,TRUE,https://hahn-vo-df1c.vercel.app/assets/products/p439/0.jpg,1,Cartier Clé de Cartier,active
cartier-cl-de-cartier-p439,,,,,,,,,,,,,,,,,https://hahn-vo-df1c.vercel.app/assets/products/p439/1.jpg,2,Cartier Clé de Cartier,
cartier-cl-de-cartier-p439,,,,,,,,,,,,,,,,,https://hahn-vo-df1c.vercel.app/assets/products/p439/2.jpg,3,Cartier Clé de Cartier,
cartier-cl-de-cartier-p439,,,,,,,,,,,,,,,,,https://hahn-vo-df1c.vercel.app/assets/products/p439/3.jpg,4,Cartier Clé de Cartier,
cartier-cl-de-cartier-p439,,,,,,,,,,,,,,,,,https://hahn-vo-df1c.vercel.app/assets/products/p439/4.jpg,5,Cartier Clé de Cartier,
cartier-cl-de-cartier-p439,,,,,,,,,,,,,,,,,https://hahn-vo-df1c.vercel.app/assets/products/p439/5.jpg,6,Cartier Clé de Cartier,
breitling-superocean-h-ritage-p438,Breitling Superocean Héritage,"<p>Hier präsentieren wir die Breitling Superocean Heritage aus dem Jahr 2016 im Full Set. Unsere Bilder sind unbearbeitet und zeigen jedes Detail — mehr, als das bloße Auge wahrnimmt.</p><table><tr><th align=""left"" style=""padding:4px 18px 4px 0"">Referenz</th><td>A1732024/B868</td></tr><tr><th align=""left"" style=""padding:4px 18px 4px 0"">Baujahr</th><td>2016</td></tr><tr><th align=""left"" style=""padding:4px 18px 4px 0"">Durchmesser</th><td>46 mm</td></tr><tr><th align=""left"" style=""padding:4px 18px 4px 0"">Gehäuse</th><td>Edelstahl</td></tr><tr><th align=""left"" style=""padding:4px 18px 4px 0"">Zifferblatt</th><td>Schwarz</td></tr><tr><th align=""left"" style=""padding:4px 18px 4px 0"">Band</th><td>Edelstahl</td></tr><tr><th align=""left"" style=""padding:4px 18px 4px 0"">Lieferumfang</th><td>Full Set, Papiere, Box</td></tr></table><p>Jede Uhr wird vor dem Verkauf geprüft. 12 Monate Garantie auf das Werk, 14 Tage Rückgaberecht, weltweiter versicherter Versand oder persönliche Übergabe in unserem Showroom in Frankfurt.</p>",Breitling,Armbanduhr,"Breitling, A1732024/B868, 2016, Full Set",TRUE,Titel,Einzelstück,BRT-SPR-HRT-173,shopify,1,deny,manual,3190,TRUE,TRUE,https://hahn-vo-df1c.vercel.app/assets/products/p438/0.jpg,1,Breitling Superocean Héritage,active
breitling-superocean-h-ritage-p438,,,,,,,,,,,,,,,,,https://hahn-vo-df1c.vercel.app/assets/products/p438/1.jpg,2,Breitling Superocean Héritage,
breitling-superocean-h-ritage-p438,,,,,,,,,,,,,,,,,https://hahn-vo-df1c.vercel.app/assets/products/p438/2.jpg,3,Breitling Superocean Héritage,
breitling-superocean-h-ritage-p438,,,,,,,,,,,,,,,,,https://hahn-vo-df1c.vercel.app/assets/products/p438/3.jpg,4,Breitling Superocean Héritage,
breitling-superocean-h-ritage-p438,,,,,,,,,,,,,,,,,https://hahn-vo-df1c.vercel.app/assets/products/p438/4.jpg,5,Breitling Superocean Héritage,
breitling-superocean-h-ritage-p438,,,,,,,,,,,,,,,,,https://hahn-vo-df1c.vercel.app/assets/products/p438/5.jpg,6,Breitling Superocean Héritage,
rolex-oyster-perpetual-34-med-blue-p435,Rolex Oyster Perpetual 34 „Med Blue“,"<p>Hier präsentieren wir die Rolex Oyster Perpetual 34 aus dem Jahr 2026 im Full Set. Unsere Bilder sind unbearbeitet und zeigen jedes Detail — mehr, als das bloße Auge wahrnimmt.</p><table><tr><th align=""left"" style=""padding:4px 18px 4px 0"">Referenz</th><td>124200</td></tr><tr><th align=""left"" style=""padding:4px 18px 4px 0"">Baujahr</th><td>2026</td></tr><tr><th align=""left"" style=""padding:4px 18px 4px 0"">Durchmesser</th><td>34 mm</td></tr><tr><th align=""left"" style=""padding:4px 18px 4px 0"">Gehäuse</th><td>Edelstahl 904L</td></tr><tr><th align=""left"" style=""padding:4px 18px 4px 0"">Zifferblatt</th><td>Med Blue</td></tr><tr><th align=""left"" style=""padding:4px 18px 4px 0"">Band</th><td>Edelstahl 904L</td></tr><tr><th align=""left"" style=""padding:4px 18px 4px 0"">Lieferumfang</th><td>Full Set, Papiere, Box</td></tr></table><p>Jede Uhr wird vor dem Verkauf geprüft. 12 Monate Garantie auf das Werk, 14 Tage Rückgaberecht, weltweiter versicherter Versand oder persönliche Übergabe in unserem Showroom in Frankfurt.</p>",Rolex,Armbanduhr,"Rolex, 124200, 2026, Full Set",TRUE,Titel,Einzelstück,RLX-YST-PRP-34,shopify,1,deny,manual,7490,TRUE,TRUE,https://hahn-vo-df1c.vercel.app/assets/products/p435/0.jpg,1,Rolex Oyster Perpetual 34 „Med Blue“,active
rolex-oyster-perpetual-34-med-blue-p435,,,,,,,,,,,,,,,,,https://hahn-vo-df1c.vercel.app/assets/products/p435/1.jpg,2,Rolex Oyster Perpetual 34 „Med Blue“,
rolex-oyster-perpetual-34-med-blue-p435,,,,,,,,,,,,,,,,,https://hahn-vo-df1c.vercel.app/assets/products/p435/2.jpg,3,Rolex Oyster Perpetual 34 „Med Blue“,
rolex-oyster-perpetual-34-med-blue-p435,,,,,,,,,,,,,,,,,https://hahn-vo-df1c.vercel.app/assets/products/p435/3.jpg,4,Rolex Oyster Perpetual 34 „Med Blue“,
rolex-oyster-perpetual-34-med-blue-p435,,,,,,,,,,,,,,,,,https://hahn-vo-df1c.vercel.app/assets/products/p435/4.jpg,5,Rolex Oyster Perpetual 34 „Med Blue“,
rolex-oyster-perpetual-34-med-blue-p435,,,,,,,,,,,,,,,,,https://hahn-vo-df1c.vercel.app/assets/products/p435/5.jpg,6,Rolex Oyster Perpetual 34 „Med Blue“,
tudor-royal-34-mm-p427,Tudor Royal 34 mm,"<p>Hier präsentieren wir die Tudor Royal 34 aus dem Jahr 2021 im Full Set. Unsere Bilder sind unbearbeitet und zeigen jedes Detail — mehr, als das bloße Auge wahrnimmt.</p><table><tr><th align=""left"" style=""padding:4px 18px 4px 0"">Referenz</th><td>28400</td></tr><tr><th align=""left"" style=""padding:4px 18px 4px 0"">Baujahr</th><td>2021</td></tr><tr><th align=""left"" style=""padding:4px 18px 4px 0"">Durchmesser</th><td>34 mm</td></tr><tr><th align=""left"" style=""padding:4px 18px 4px 0"">Gehäuse</th><td>Edelstahl</td></tr><tr><th align=""left"" style=""padding:4px 18px 4px 0"">Zifferblatt</th><td>Blau</td></tr><tr><th align=""left"" style=""padding:4px 18px 4px 0"">Band</th><td>Edelstahl</td></tr><tr><th align=""left"" style=""padding:4px 18px 4px 0"">Lieferumfang</th><td>Full Set, Papiere, Box</td></tr></table><p>Jede Uhr wird vor dem Verkauf geprüft. 12 Monate Garantie auf das Werk, 14 Tage Rückgaberecht, weltweiter versicherter Versand oder persönliche Übergabe in unserem Showroom in Frankfurt.</p>",Tudor,Armbanduhr,"Tudor, 28400, 2021, Full Set",TRUE,Titel,Einzelstück,TDR-RYL-34-MM,shopify,1,deny,manual,1890,TRUE,TRUE,https://hahn-vo-df1c.vercel.app/assets/products/p427/0.jpg,1,Tudor Royal 34 mm,active
tudor-royal-34-mm-p427,,,,,,,,,,,,,,,,,https://hahn-vo-df1c.vercel.app/assets/products/p427/1.jpg,2,Tudor Royal 34 mm,
tudor-royal-34-mm-p427,,,,,,,,,,,,,,,,,https://hahn-vo-df1c.vercel.app/assets/products/p427/2.jpg,3,Tudor Royal 34 mm,
tudor-royal-34-mm-p427,,,,,,,,,,,,,,,,,https://hahn-vo-df1c.vercel.app/assets/products/p427/3.jpg,4,Tudor Royal 34 mm,
tudor-royal-34-mm-p427,,,,,,,,,,,,,,,,,https://hahn-vo-df1c.vercel.app/assets/products/p427/4.jpg,5,Tudor Royal 34 mm,
tudor-royal-34-mm-p427,,,,,,,,,,,,,,,,,https://hahn-vo-df1c.vercel.app/assets/products/p427/5.jpg,6,Tudor Royal 34 mm,
tudor-black-bay-36-stahl-gelbgold-p426,Tudor Black Bay 36 Stahl/Gelbgold,"<p>Hier präsentieren wir die Tudor Black Bay Stahl/Gold aus dem Jahr 2022 im Full Set. Unsere Bilder sind unbearbeitet und zeigen jedes Detail — mehr, als das bloße Auge wahrnimmt.</p><table><tr><th align=""left"" style=""padding:4px 18px 4px 0"">Referenz</th><td>79503</td></tr><tr><th align=""left"" style=""padding:4px 18px 4px 0"">Baujahr</th><td>2022</td></tr><tr><th align=""left"" style=""padding:4px 18px 4px 0"">Durchmesser</th><td>36 mm</td></tr><tr><th align=""left"" style=""padding:4px 18px 4px 0"">Gehäuse</th><td>Edelstahl/Gelbgold</td></tr><tr><th align=""left"" style=""padding:4px 18px 4px 0"">Zifferblatt</th><td>Schwarz</td></tr><tr><th align=""left"" style=""padding:4px 18px 4px 0"">Band</th><td>Edelstahl/Gelbgold</td></tr><tr><th align=""left"" style=""padding:4px 18px 4px 0"">Lieferumfang</th><td>Full Set, Papiere, Box</td></tr></table><p>Jede Uhr wird vor dem Verkauf geprüft. 12 Monate Garantie auf das Werk, 14 Tage Rückgaberecht, weltweiter versicherter Versand oder persönliche Übergabe in unserem Showroom in Frankfurt.</p>",Tudor,Armbanduhr,"Tudor, 79503, 2022, Full Set",TRUE,Titel,Einzelstück,TDR-BLC-BAY-36,shopify,1,deny,manual,3390,TRUE,TRUE,https://hahn-vo-df1c.vercel.app/assets/products/p426/0.jpg,1,Tudor Black Bay 36 Stahl/Gelbgold,active
tudor-black-bay-36-stahl-gelbgold-p426,,,,,,,,,,,,,,,,,https://hahn-vo-df1c.vercel.app/assets/products/p426/1.jpg,2,Tudor Black Bay 36 Stahl/Gelbgold,
tudor-black-bay-36-stahl-gelbgold-p426,,,,,,,,,,,,,,,,,https://hahn-vo-df1c.vercel.app/assets/products/p426/2.jpg,3,Tudor Black Bay 36 Stahl/Gelbgold,
tudor-black-bay-36-stahl-gelbgold-p426,,,,,,,,,,,,,,,,,https://hahn-vo-df1c.vercel.app/assets/products/p426/3.jpg,4,Tudor Black Bay 36 Stahl/Gelbgold,
tudor-black-bay-36-stahl-gelbgold-p426,,,,,,,,,,,,,,,,,https://hahn-vo-df1c.vercel.app/assets/products/p426/4.jpg,5,Tudor Black Bay 36 Stahl/Gelbgold,
tudor-black-bay-36-stahl-gelbgold-p426,,,,,,,,,,,,,,,,,https://hahn-vo-df1c.vercel.app/assets/products/p426/5.jpg,6,Tudor Black Bay 36 Stahl/Gelbgold,
omega-aqua-terra-p407,Omega Aqua Terra,"<p>Hier präsentieren wir die Omega Aqua Terra aus dem Jahr 2015 im Full Set. Unsere Bilder sind unbearbeitet und zeigen jedes Detail — mehr, als das bloße Auge wahrnimmt.</p><table><tr><th align=""left"" style=""padding:4px 18px 4px 0"">Referenz</th><td>231.10.42.21.01.003</td></tr><tr><th align=""left"" style=""padding:4px 18px 4px 0"">Baujahr</th><td>2015</td></tr><tr><th align=""left"" style=""padding:4px 18px 4px 0"">Durchmesser</th><td>41,5 mm</td></tr><tr><th align=""left"" style=""padding:4px 18px 4px 0"">Gehäuse</th><td>Edelstahl</td></tr><tr><th align=""left"" style=""padding:4px 18px 4px 0"">Zifferblatt</th><td>Schwarz</td></tr><tr><th align=""left"" style=""padding:4px 18px 4px 0"">Band</th><td>Edelstahl</td></tr><tr><th align=""left"" style=""padding:4px 18px 4px 0"">Lieferumfang</th><td>Full Set, Papiere, Box</td></tr></table><p>Jede Uhr wird vor dem Verkauf geprüft. 12 Monate Garantie auf das Werk, 14 Tage Rückgaberecht, weltweiter versicherter Versand oder persönliche Übergabe in unserem Showroom in Frankfurt.</p>",Omega,Armbanduhr,"Omega, 231.10.42.21.01.003, 2015, Full Set",TRUE,Titel,Einzelstück,MG-Q-TRR-231,shopify,1,deny,manual,3890,TRUE,TRUE,https://hahn-vo-df1c.vercel.app/assets/products/p407/0.jpg,1,Omega Aqua Terra,active
omega-aqua-terra-p407,,,,,,,,,,,,,,,,,https://hahn-vo-df1c.vercel.app/assets/products/p407/1.jpg,2,Omega Aqua Terra,
omega-aqua-terra-p407,,,,,,,,,,,,,,,,,https://hahn-vo-df1c.vercel.app/assets/products/p407/2.jpg,3,Omega Aqua Terra,
omega-aqua-terra-p407,,,,,,,,,,,,,,,,,https://hahn-vo-df1c.vercel.app/assets/products/p407/3.jpg,4,Omega Aqua Terra,
omega-aqua-terra-p407,,,,,,,,,,,,,,,,,https://hahn-vo-df1c.vercel.app/assets/products/p407/4.jpg,5,Omega Aqua Terra,
omega-aqua-terra-p407,,,,,,,,,,,,,,,,,https://hahn-vo-df1c.vercel.app/assets/products/p407/5.jpg,6,Omega Aqua Terra,
iwc-pilot-s-watch-spitfire-chronograph-p424,IWC Pilot’s Watch Spitfire Chronograph,"<p>Hier präsentieren wir die IWC Fliegeruhr Spitfire aus 2018 mit Garantiekarte, Booklets und IWC Travelbox. Unsere Bilder sind unbearbeitet und zeigen jedes Detail — mehr, als das bloße Auge wahrnimmt.</p><table><tr><th align=""left"" style=""padding:4px 18px 4px 0"">Referenz</th><td>IW377719</td></tr><tr><th align=""left"" style=""padding:4px 18px 4px 0"">Baujahr</th><td>2018</td></tr><tr><th align=""left"" style=""padding:4px 18px 4px 0"">Durchmesser</th><td>43 mm</td></tr><tr><th align=""left"" style=""padding:4px 18px 4px 0"">Gehäuse</th><td>Edelstahl</td></tr><tr><th align=""left"" style=""padding:4px 18px 4px 0"">Zifferblatt</th><td>Grau</td></tr><tr><th align=""left"" style=""padding:4px 18px 4px 0"">Band</th><td>Edelstahl</td></tr><tr><th align=""left"" style=""padding:4px 18px 4px 0"">Werk</th><td>Automatik</td></tr><tr><th align=""left"" style=""padding:4px 18px 4px 0"">Lieferumfang</th><td>Papiere, Garantiekarte, Box</td></tr></table><p>Jede Uhr wird vor dem Verkauf geprüft. 12 Monate Garantie auf das Werk, 14 Tage Rückgaberecht, weltweiter versicherter Versand oder persönliche Übergabe in unserem Showroom in Frankfurt.</p>",IWC,Armbanduhr,"IWC, IW377719, 2018",TRUE,Titel,Einzelstück,IWC-SCH-FLG-SPT,shopify,1,deny,manual,4250,TRUE,TRUE,https://hahn-vo-df1c.vercel.app/assets/products/p424/0.jpg,1,IWC Pilot’s Watch Spitfire Chronograph,active
iwc-pilot-s-watch-spitfire-chronograph-p424,,,,,,,,,,,,,,,,,https://hahn-vo-df1c.vercel.app/assets/products/p424/1.jpg,2,IWC Pilot’s Watch Spitfire Chronograph,
iwc-pilot-s-watch-spitfire-chronograph-p424,,,,,,,,,,,,,,,,,https://hahn-vo-df1c.vercel.app/assets/products/p424/2.jpg,3,IWC Pilot’s Watch Spitfire Chronograph,
iwc-pilot-s-watch-spitfire-chronograph-p424,,,,,,,,,,,,,,,,,https://hahn-vo-df1c.vercel.app/assets/products/p424/3.jpg,4,IWC Pilot’s Watch Spitfire Chronograph,
iwc-pilot-s-watch-spitfire-chronograph-p424,,,,,,,,,,,,,,,,,https://hahn-vo-df1c.vercel.app/assets/products/p424/4.jpg,5,IWC Pilot’s Watch Spitfire Chronograph,
iwc-pilot-s-watch-spitfire-chronograph-p424,,,,,,,,,,,,,,,,,https://hahn-vo-df1c.vercel.app/assets/products/p424/5.jpg,6,IWC Pilot’s Watch Spitfire Chronograph,
omega-planet-ocean-p384,Omega Planet Ocean,"<p>Hier präsentieren wir die Omega Planet Ocean Chronograph aus dem Jahr 2014 im Full Set. Unsere Bilder sind unbearbeitet und zeigen jedes Detail — mehr, als das bloße Auge wahrnimmt.</p><table><tr><th align=""left"" style=""padding:4px 18px 4px 0"">Referenz</th><td>232.90.46.51.03.001</td></tr><tr><th align=""left"" style=""padding:4px 18px 4px 0"">Baujahr</th><td>2014</td></tr><tr><th align=""left"" style=""padding:4px 18px 4px 0"">Durchmesser</th><td>45,5 mm</td></tr><tr><th align=""left"" style=""padding:4px 18px 4px 0"">Gehäuse</th><td>Titan</td></tr><tr><th align=""left"" style=""padding:4px 18px 4px 0"">Zifferblatt</th><td>Blau</td></tr><tr><th align=""left"" style=""padding:4px 18px 4px 0"">Band</th><td>Titan</td></tr><tr><th align=""left"" style=""padding:4px 18px 4px 0"">Lieferumfang</th><td>Full Set, Papiere, Box</td></tr></table><p>Jede Uhr wird vor dem Verkauf geprüft. 12 Monate Garantie auf das Werk, 14 Tage Rückgaberecht, weltweiter versicherter Versand oder persönliche Übergabe in unserem Showroom in Frankfurt.</p>",Omega,Armbanduhr,"Omega, 232.90.46.51.03.001, 2014, Full Set",TRUE,Titel,Einzelstück,MG-PLN-CN-232,shopify,1,deny,manual,4890,TRUE,TRUE,https://hahn-vo-df1c.vercel.app/assets/products/p384/0.jpg,1,Omega Planet Ocean,active
omega-planet-ocean-p384,,,,,,,,,,,,,,,,,https://hahn-vo-df1c.vercel.app/assets/products/p384/1.jpg,2,Omega Planet Ocean,
omega-planet-ocean-p384,,,,,,,,,,,,,,,,,https://hahn-vo-df1c.vercel.app/assets/products/p384/2.jpg,3,Omega Planet Ocean,
omega-planet-ocean-p384,,,,,,,,,,,,,,,,,https://hahn-vo-df1c.vercel.app/assets/products/p384/3.jpg,4,Omega Planet Ocean,
omega-planet-ocean-p384,,,,,,,,,,,,,,,,,https://hahn-vo-df1c.vercel.app/assets/products/p384/4.jpg,5,Omega Planet Ocean,
omega-planet-ocean-p384,,,,,,,,,,,,,,,,,https://hahn-vo-df1c.vercel.app/assets/products/p384/5.jpg,6,Omega Planet Ocean,
iwc-portofino-8-days-blau-p420,IWC Portofino 8 days Blau,"<p>Hier präsentieren wir die IWC Portofino 8 Days aus dem Jahr 2015 im Full Set. Unsere Bilder sind unbearbeitet und zeigen jedes Detail — mehr, als das bloße Auge wahrnimmt.</p><table><tr><th align=""left"" style=""padding:4px 18px 4px 0"">Referenz</th><td>IW510106</td></tr><tr><th align=""left"" style=""padding:4px 18px 4px 0"">Baujahr</th><td>2015</td></tr><tr><th align=""left"" style=""padding:4px 18px 4px 0"">Durchmesser</th><td>45 mm</td></tr><tr><th align=""left"" style=""padding:4px 18px 4px 0"">Gehäuse</th><td>Edelstahl</td></tr><tr><th align=""left"" style=""padding:4px 18px 4px 0"">Zifferblatt</th><td>Blau</td></tr><tr><th align=""left"" style=""padding:4px 18px 4px 0"">Band</th><td>Leder</td></tr><tr><th align=""left"" style=""padding:4px 18px 4px 0"">Lieferumfang</th><td>Full Set, Papiere, Box</td></tr></table><p>Jede Uhr wird vor dem Verkauf geprüft. 12 Monate Garantie auf das Werk, 14 Tage Rückgaberecht, weltweiter versicherter Versand oder persönliche Übergabe in unserem Showroom in Frankfurt.</p>",IWC,Armbanduhr,"IWC, IW510106, 2015, Full Set",TRUE,Titel,Einzelstück,IWC-PRT-8-DYS,shopify,1,deny,manual,5190,TRUE,TRUE,https://hahn-vo-df1c.vercel.app/assets/products/p420/0.jpg,1,IWC Portofino 8 days Blau,active
iwc-portofino-8-days-blau-p420,,,,,,,,,,,,,,,,,https://hahn-vo-df1c.vercel.app/assets/products/p420/1.jpg,2,IWC Portofino 8 days Blau,
iwc-portofino-8-days-blau-p420,,,,,,,,,,,,,,,,,https://hahn-vo-df1c.vercel.app/assets/products/p420/2.jpg,3,IWC Portofino 8 days Blau,
iwc-portofino-8-days-blau-p420,,,,,,,,,,,,,,,,,https://hahn-vo-df1c.vercel.app/assets/products/p420/3.jpg,4,IWC Portofino 8 days Blau,
iwc-portofino-8-days-blau-p420,,,,,,,,,,,,,,,,,https://hahn-vo-df1c.vercel.app/assets/products/p420/4.jpg,5,IWC Portofino 8 days Blau,
iwc-portofino-8-days-blau-p420,,,,,,,,,,,,,,,,,https://hahn-vo-df1c.vercel.app/assets/products/p420/5.jpg,6,IWC Portofino 8 days Blau,
omega-seamaster-planet-ocean-42-mm-p351,Omega Seamaster Planet Ocean 42 mm,"<p>Hier präsentieren wir die Omega Planet Ocean 42 mit orangefarbenen Akzenten. Unsere Bilder sind unbearbeitet und zeigen jedes Detail — mehr, als das bloße Auge wahrnimmt.</p><table><tr><th align=""left"" style=""padding:4px 18px 4px 0"">Referenz</th><td>2201.51.00</td></tr><tr><th align=""left"" style=""padding:4px 18px 4px 0"">Baujahr</th><td>2012</td></tr><tr><th align=""left"" style=""padding:4px 18px 4px 0"">Durchmesser</th><td>42 mm</td></tr><tr><th align=""left"" style=""padding:4px 18px 4px 0"">Gehäuse</th><td>Edelstahl</td></tr><tr><th align=""left"" style=""padding:4px 18px 4px 0"">Zifferblatt</th><td>Schwarz</td></tr><tr><th align=""left"" style=""padding:4px 18px 4px 0"">Band</th><td>Edelstahl</td></tr><tr><th align=""left"" style=""padding:4px 18px 4px 0"">Werk</th><td>Automatik Originale Omega Papiere 12</td></tr><tr><th align=""left"" style=""padding:4px 18px 4px 0"">Lieferumfang</th><td>Papiere</td></tr><tr><th align=""left"" style=""padding:4px 18px 4px 0"">Zustand</th><td>Gut</td></tr></table><p>Jede Uhr wird vor dem Verkauf geprüft. 12 Monate Garantie auf das Werk, 14 Tage Rückgaberecht, weltweiter versicherter Versand oder persönliche Übergabe in unserem Showroom in Frankfurt.</p>",Omega,Armbanduhr,"Omega, 2201.51.00, 2012, Gut",TRUE,Titel,Einzelstück,MG-PLN-CN-42,shopify,1,deny,manual,2990,TRUE,TRUE,https://hahn-vo-df1c.vercel.app/assets/products/p351/0.jpg,1,Omega Seamaster Planet Ocean 42 mm,active
omega-seamaster-planet-ocean-42-mm-p351,,,,,,,,,,,,,,,,,https://hahn-vo-df1c.vercel.app/assets/products/p351/1.jpg,2,Omega Seamaster Planet Ocean 42 mm,
omega-seamaster-planet-ocean-42-mm-p351,,,,,,,,,,,,,,,,,https://hahn-vo-df1c.vercel.app/assets/products/p351/2.jpg,3,Omega Seamaster Planet Ocean 42 mm,
omega-seamaster-planet-ocean-42-mm-p351,,,,,,,,,,,,,,,,,https://hahn-vo-df1c.vercel.app/assets/products/p351/3.jpg,4,Omega Seamaster Planet Ocean 42 mm,
omega-seamaster-planet-ocean-42-mm-p351,,,,,,,,,,,,,,,,,https://hahn-vo-df1c.vercel.app/assets/products/p351/4.jpg,5,Omega Seamaster Planet Ocean 42 mm,
omega-seamaster-planet-ocean-42-mm-p351,,,,,,,,,,,,,,,,,https://hahn-vo-df1c.vercel.app/assets/products/p351/5.jpg,6,Omega Seamaster Planet Ocean 42 mm,
breitling-navitimer-b01-chronograph-p415,Breitling Navitimer B01 Chronograph,"<p>Hier präsentieren wir die Breitling Navitimer B01 Chronograph im Full Set mit frischer Garantie (April 2026). Der aktuelle Breitling-Listenpreis liegt bei 9.350 Euro. Unsere Bilder sind unbearbeitet und zeigen jedes Detail — mehr, als das bloße Auge wahrnimmt.</p><table><tr><th align=""left"" style=""padding:4px 18px 4px 0"">Referenz</th><td>AB0121211C1A1</td></tr><tr><th align=""left"" style=""padding:4px 18px 4px 0"">Baujahr</th><td>2018</td></tr><tr><th align=""left"" style=""padding:4px 18px 4px 0"">Durchmesser</th><td>43 mm</td></tr><tr><th align=""left"" style=""padding:4px 18px 4px 0"">Gehäuse</th><td>Edelstahl</td></tr><tr><th align=""left"" style=""padding:4px 18px 4px 0"">Zifferblatt</th><td>Blau</td></tr><tr><th align=""left"" style=""padding:4px 18px 4px 0"">Band</th><td>Edelstahl</td></tr><tr><th align=""left"" style=""padding:4px 18px 4px 0"">Werk</th><td>Automatik</td></tr><tr><th align=""left"" style=""padding:4px 18px 4px 0"">Lieferumfang</th><td>Full Set, Papiere, Box</td></tr><tr><th align=""left"" style=""padding:4px 18px 4px 0"">Zustand</th><td>Sehr gut</td></tr></table><p>Jede Uhr wird vor dem Verkauf geprüft. 12 Monate Garantie auf das Werk, 14 Tage Rückgaberecht, weltweiter versicherter Versand oder persönliche Übergabe in unserem Showroom in Frankfurt.</p>",Breitling,Armbanduhr,"Breitling, AB0121211C1A1, 2018, Sehr gut, Full Set",TRUE,Titel,Einzelstück,BRT-NVT-B01-CHR,shopify,1,deny,manual,5550,TRUE,TRUE,https://hahn-vo-df1c.vercel.app/assets/products/p415/0.jpg,1,Breitling Navitimer B01 Chronograph,active
breitling-navitimer-b01-chronograph-p415,,,,,,,,,,,,,,,,,https://hahn-vo-df1c.vercel.app/assets/products/p415/1.jpg,2,Breitling Navitimer B01 Chronograph,
breitling-navitimer-b01-chronograph-p415,,,,,,,,,,,,,,,,,https://hahn-vo-df1c.vercel.app/assets/products/p415/2.jpg,3,Breitling Navitimer B01 Chronograph,
breitling-navitimer-b01-chronograph-p415,,,,,,,,,,,,,,,,,https://hahn-vo-df1c.vercel.app/assets/products/p415/3.jpg,4,Breitling Navitimer B01 Chronograph,
breitling-navitimer-b01-chronograph-p415,,,,,,,,,,,,,,,,,https://hahn-vo-df1c.vercel.app/assets/products/p415/4.jpg,5,Breitling Navitimer B01 Chronograph,
breitling-navitimer-b01-chronograph-p415,,,,,,,,,,,,,,,,,https://hahn-vo-df1c.vercel.app/assets/products/p415/5.jpg,6,Breitling Navitimer B01 Chronograph,
tudor-black-bay-heritage-41-rote-luenette-p413,"Tudor Black Bay Heritage 41, rote Lünette","<p>Hier präsentieren wir die Tudor Black Bay Heritage 41. Unsere Bilder sind unbearbeitet und zeigen jedes Detail — mehr, als das bloße Auge wahrnimmt.</p><table><tr><th align=""left"" style=""padding:4px 18px 4px 0"">Referenz</th><td>79230R-0003</td></tr><tr><th align=""left"" style=""padding:4px 18px 4px 0"">Durchmesser</th><td>41 mm</td></tr><tr><th align=""left"" style=""padding:4px 18px 4px 0"">Gehäuse</th><td>Edelstahl</td></tr><tr><th align=""left"" style=""padding:4px 18px 4px 0"">Zifferblatt</th><td>Schwarz</td></tr><tr><th align=""left"" style=""padding:4px 18px 4px 0"">Band</th><td>Edelstahl</td></tr><tr><th align=""left"" style=""padding:4px 18px 4px 0"">Werk</th><td>Automatik</td></tr><tr><th align=""left"" style=""padding:4px 18px 4px 0"">Lieferumfang</th><td>Box</td></tr><tr><th align=""left"" style=""padding:4px 18px 4px 0"">Zustand</th><td>Sehr gut</td></tr></table><p>Jede Uhr wird vor dem Verkauf geprüft. 12 Monate Garantie auf das Werk, 14 Tage Rückgaberecht, weltweiter versicherter Versand oder persönliche Übergabe in unserem Showroom in Frankfurt.</p>",Tudor,Armbanduhr,"Tudor, 79230R-0003, Sehr gut",TRUE,Titel,Einzelstück,XN-TDR-BLC-BAY,shopify,1,deny,manual,2550,TRUE,TRUE,https://hahn-vo-df1c.vercel.app/assets/products/p413/0.jpg,1,"Tudor Black Bay Heritage 41, rote Lünette",active
tudor-black-bay-heritage-41-rote-luenette-p413,,,,,,,,,,,,,,,,,https://hahn-vo-df1c.vercel.app/assets/products/p413/1.jpg,2,"Tudor Black Bay Heritage 41, rote Lünette",
tudor-black-bay-heritage-41-rote-luenette-p413,,,,,,,,,,,,,,,,,https://hahn-vo-df1c.vercel.app/assets/products/p413/2.jpg,3,"Tudor Black Bay Heritage 41, rote Lünette",
tudor-black-bay-heritage-41-rote-luenette-p413,,,,,,,,,,,,,,,,,https://hahn-vo-df1c.vercel.app/assets/products/p413/3.jpg,4,"Tudor Black Bay Heritage 41, rote Lünette",
tudor-black-bay-heritage-41-rote-luenette-p413,,,,,,,,,,,,,,,,,https://hahn-vo-df1c.vercel.app/assets/products/p413/4.jpg,5,"Tudor Black Bay Heritage 41, rote Lünette",
tudor-black-bay-heritage-41-rote-luenette-p413,,,,,,,,,,,,,,,,,https://hahn-vo-df1c.vercel.app/assets/products/p413/5.jpg,6,"Tudor Black Bay Heritage 41, rote Lünette",
breitling-avenger-ii-gmt-p412,Breitling Avenger II GMT,"<p>Hier kommt die Breitling Avenger II GMT. Für alle, die nicht nur eine, sondern gleich zwei Zeitzonen im Griff haben wollen. Natürlich inklusive originaler Box, damit sie sich auch nach dem Flug stilvoll ausruhen kann. Unsere Bilder sind unbearbeitet und zeigen jedes Detail — mehr, als das bloße Auge wahrnimmt.</p><table><tr><th align=""left"" style=""padding:4px 18px 4px 0"">Referenz</th><td>A32390</td></tr><tr><th align=""left"" style=""padding:4px 18px 4px 0"">Durchmesser</th><td>43 mm</td></tr><tr><th align=""left"" style=""padding:4px 18px 4px 0"">Gehäuse</th><td>Edelstahl</td></tr><tr><th align=""left"" style=""padding:4px 18px 4px 0"">Zifferblatt</th><td>Schwarz</td></tr><tr><th align=""left"" style=""padding:4px 18px 4px 0"">Band</th><td>Leder</td></tr><tr><th align=""left"" style=""padding:4px 18px 4px 0"">Werk</th><td>Automatik</td></tr><tr><th align=""left"" style=""padding:4px 18px 4px 0"">Lieferumfang</th><td>Box</td></tr><tr><th align=""left"" style=""padding:4px 18px 4px 0"">Zustand</th><td>Sehr gut</td></tr></table><p>Jede Uhr wird vor dem Verkauf geprüft. 12 Monate Garantie auf das Werk, 14 Tage Rückgaberecht, weltweiter versicherter Versand oder persönliche Übergabe in unserem Showroom in Frankfurt.</p>",Breitling,Armbanduhr,"Breitling, A32390, Sehr gut",TRUE,Titel,Einzelstück,BRT-VNG-II-GMT,shopify,1,deny,manual,2250,TRUE,TRUE,https://hahn-vo-df1c.vercel.app/assets/products/p412/0.jpg,1,Breitling Avenger II GMT,active
breitling-avenger-ii-gmt-p412,,,,,,,,,,,,,,,,,https://hahn-vo-df1c.vercel.app/assets/products/p412/1.jpg,2,Breitling Avenger II GMT,
baume-mercier-hampton-18-k-weissgold-p408,Baume & Mercier Hampton 18 K Weißgold,"<p>Hier präsentieren wir die Baume & Mercier Hampton im Full Set. Die Uhr besteht aus 18-karätigem Weißgold und ist äußerst selten. Unsere Bilder sind unbearbeitet und zeigen jedes Detail — mehr, als das bloße Auge wahrnimmt.</p><table><tr><th align=""left"" style=""padding:4px 18px 4px 0"">Referenz</th><td>MV045226</td></tr><tr><th align=""left"" style=""padding:4px 18px 4px 0"">Durchmesser</th><td>26 x 40 mm</td></tr><tr><th align=""left"" style=""padding:4px 18px 4px 0"">Gehäuse</th><td>Weißgold</td></tr><tr><th align=""left"" style=""padding:4px 18px 4px 0"">Zifferblatt</th><td>Weiß</td></tr><tr><th align=""left"" style=""padding:4px 18px 4px 0"">Band</th><td>Leder</td></tr><tr><th align=""left"" style=""padding:4px 18px 4px 0"">Werk</th><td>Quarz Originale Baume & Mercier Papiere</td></tr><tr><th align=""left"" style=""padding:4px 18px 4px 0"">Lieferumfang</th><td>Full Set, Papiere, Garantiekarte, Box</td></tr></table><p>Jede Uhr wird vor dem Verkauf geprüft. 12 Monate Garantie auf das Werk, 14 Tage Rückgaberecht, weltweiter versicherter Versand oder persönliche Übergabe in unserem Showroom in Frankfurt.</p>",Baume & Mercier,Armbanduhr,"Baume & Mercier, MV045226, Full Set",TRUE,Titel,Einzelstück,XN-BM-MRC-HMP,shopify,1,deny,manual,3490,TRUE,TRUE,https://hahn-vo-df1c.vercel.app/assets/products/p408/0.jpg,1,Baume & Mercier Hampton 18 K Weißgold,active
baume-mercier-hampton-18-k-weissgold-p408,,,,,,,,,,,,,,,,,https://hahn-vo-df1c.vercel.app/assets/products/p408/1.jpg,2,Baume & Mercier Hampton 18 K Weißgold,
baume-mercier-hampton-18-k-weissgold-p408,,,,,,,,,,,,,,,,,https://hahn-vo-df1c.vercel.app/assets/products/p408/2.jpg,3,Baume & Mercier Hampton 18 K Weißgold,
baume-mercier-hampton-18-k-weissgold-p408,,,,,,,,,,,,,,,,,https://hahn-vo-df1c.vercel.app/assets/products/p408/3.jpg,4,Baume & Mercier Hampton 18 K Weißgold,
baume-mercier-hampton-18-k-weissgold-p408,,,,,,,,,,,,,,,,,https://hahn-vo-df1c.vercel.app/assets/products/p408/4.jpg,5,Baume & Mercier Hampton 18 K Weißgold,
baume-mercier-hampton-18-k-weissgold-p408,,,,,,,,,,,,,,,,,https://hahn-vo-df1c.vercel.app/assets/products/p408/5.jpg,6,Baume & Mercier Hampton 18 K Weißgold,
tag-heuer-link-chronograph-limitiert-auf-150-stueck-p398,Tag Heuer Link Chronograph — limitiert auf 150 Stück,"<p>Hier präsentieren wir die TAG Heuer Link Chronograph aus 2013 mit Garantiekarte. Diese Uhr ist auf nur 150 Stück limitiert. Unsere Bilder sind unbearbeitet und zeigen jedes Detail — mehr, als das bloße Auge wahrnimmt.</p><table><tr><th align=""left"" style=""padding:4px 18px 4px 0"">Baujahr</th><td>2013</td></tr><tr><th align=""left"" style=""padding:4px 18px 4px 0"">Durchmesser</th><td>41 mm</td></tr><tr><th align=""left"" style=""padding:4px 18px 4px 0"">Gehäuse</th><td>Edelstahl</td></tr><tr><th align=""left"" style=""padding:4px 18px 4px 0"">Zifferblatt</th><td>Schwarz</td></tr><tr><th align=""left"" style=""padding:4px 18px 4px 0"">Band</th><td>Edelstahl</td></tr><tr><th align=""left"" style=""padding:4px 18px 4px 0"">Lieferumfang</th><td>Papiere, Garantiekarte</td></tr></table><p>Jede Uhr wird vor dem Verkauf geprüft. 12 Monate Garantie auf das Werk, 14 Tage Rückgaberecht, weltweiter versicherter Versand oder persönliche Übergabe in unserem Showroom in Frankfurt.</p>",Tag Heuer,Armbanduhr,"Tag Heuer, 2013",TRUE,Titel,Einzelstück,XN-TAG-HR-LNK,shopify,1,deny,manual,1890,TRUE,TRUE,https://hahn-vo-df1c.vercel.app/assets/products/p398/0.jpg,1,Tag Heuer Link Chronograph — limitiert auf 150 Stück,active
tag-heuer-link-chronograph-limitiert-auf-150-stueck-p398,,,,,,,,,,,,,,,,,https://hahn-vo-df1c.vercel.app/assets/products/p398/1.jpg,2,Tag Heuer Link Chronograph — limitiert auf 150 Stück,
tag-heuer-link-chronograph-limitiert-auf-150-stueck-p398,,,,,,,,,,,,,,,,,https://hahn-vo-df1c.vercel.app/assets/products/p398/2.jpg,3,Tag Heuer Link Chronograph — limitiert auf 150 Stück,
tag-heuer-link-chronograph-limitiert-auf-150-stueck-p398,,,,,,,,,,,,,,,,,https://hahn-vo-df1c.vercel.app/assets/products/p398/3.jpg,4,Tag Heuer Link Chronograph — limitiert auf 150 Stück,
tag-heuer-link-chronograph-limitiert-auf-150-stueck-p398,,,,,,,,,,,,,,,,,https://hahn-vo-df1c.vercel.app/assets/products/p398/4.jpg,5,Tag Heuer Link Chronograph — limitiert auf 150 Stück,
tag-heuer-link-chronograph-limitiert-auf-150-stueck-p398,,,,,,,,,,,,,,,,,https://hahn-vo-df1c.vercel.app/assets/products/p398/5.jpg,6,Tag Heuer Link Chronograph — limitiert auf 150 Stück,
omega-seamaster-planet-ocean-39-5-mm-p406,"Omega Seamaster Planet Ocean 39,5 mm","<p>Hier präsentieren wir die Omega Planet Ocean aus dem Jahr 2020 im Full Set. Unsere Bilder sind unbearbeitet und zeigen jedes Detail — mehr, als das bloße Auge wahrnimmt.</p><table><tr><th align=""left"" style=""padding:4px 18px 4px 0"">Referenz</th><td>215.30.40.20.03.001</td></tr><tr><th align=""left"" style=""padding:4px 18px 4px 0"">Baujahr</th><td>2020</td></tr><tr><th align=""left"" style=""padding:4px 18px 4px 0"">Durchmesser</th><td>39,5 mm</td></tr><tr><th align=""left"" style=""padding:4px 18px 4px 0"">Gehäuse</th><td>Edelstahl</td></tr><tr><th align=""left"" style=""padding:4px 18px 4px 0"">Zifferblatt</th><td>Blau</td></tr><tr><th align=""left"" style=""padding:4px 18px 4px 0"">Band</th><td>Edelstahl</td></tr><tr><th align=""left"" style=""padding:4px 18px 4px 0"">Lieferumfang</th><td>Full Set, Papiere, Box</td></tr></table><p>Jede Uhr wird vor dem Verkauf geprüft. 12 Monate Garantie auf das Werk, 14 Tage Rückgaberecht, weltweiter versicherter Versand oder persönliche Übergabe in unserem Showroom in Frankfurt.</p>",Omega,Armbanduhr,"Omega, 215.30.40.20.03.001, 2020, Full Set",TRUE,Titel,Einzelstück,MG-PLN-CN-39,shopify,1,deny,manual,4450,TRUE,TRUE,https://hahn-vo-df1c.vercel.app/assets/products/p406/0.jpg,1,"Omega Seamaster Planet Ocean 39,5 mm",active
omega-seamaster-planet-ocean-39-5-mm-p406,,,,,,,,,,,,,,,,,https://hahn-vo-df1c.vercel.app/assets/products/p406/1.jpg,2,"Omega Seamaster Planet Ocean 39,5 mm",
omega-seamaster-planet-ocean-39-5-mm-p406,,,,,,,,,,,,,,,,,https://hahn-vo-df1c.vercel.app/assets/products/p406/2.jpg,3,"Omega Seamaster Planet Ocean 39,5 mm",
omega-seamaster-planet-ocean-39-5-mm-p406,,,,,,,,,,,,,,,,,https://hahn-vo-df1c.vercel.app/assets/products/p406/3.jpg,4,"Omega Seamaster Planet Ocean 39,5 mm",
omega-seamaster-planet-ocean-39-5-mm-p406,,,,,,,,,,,,,,,,,https://hahn-vo-df1c.vercel.app/assets/products/p406/4.jpg,5,"Omega Seamaster Planet Ocean 39,5 mm",
omega-seamaster-planet-ocean-39-5-mm-p406,,,,,,,,,,,,,,,,,https://hahn-vo-df1c.vercel.app/assets/products/p406/5.jpg,6,"Omega Seamaster Planet Ocean 39,5 mm",
panerai-luminor-marina-handaufzug-2016-p399,Panerai Luminor Marina Handaufzug 2016,"<p>Hier präsentieren wir die Panerai Luminor Marina PAM00632 im Full Set aus dem Jahr 2016. Unsere Bilder sind unbearbeitet und zeigen jedes Detail — mehr, als das bloße Auge wahrnimmt.</p><table><tr><th align=""left"" style=""padding:4px 18px 4px 0"">Referenz</th><td>PAM00632</td></tr><tr><th align=""left"" style=""padding:4px 18px 4px 0"">Baujahr</th><td>2016</td></tr><tr><th align=""left"" style=""padding:4px 18px 4px 0"">Durchmesser</th><td>44 mm</td></tr><tr><th align=""left"" style=""padding:4px 18px 4px 0"">Gehäuse</th><td>Edelstahl</td></tr><tr><th align=""left"" style=""padding:4px 18px 4px 0"">Zifferblatt</th><td>Schwarz</td></tr><tr><th align=""left"" style=""padding:4px 18px 4px 0"">Band</th><td>Leder / Kautschuk</td></tr><tr><th align=""left"" style=""padding:4px 18px 4px 0"">Werk</th><td>Handaufzug</td></tr><tr><th align=""left"" style=""padding:4px 18px 4px 0"">Lieferumfang</th><td>Full Set, Papiere, Box</td></tr><tr><th align=""left"" style=""padding:4px 18px 4px 0"">Zustand</th><td>Gut</td></tr></table><p>Jede Uhr wird vor dem Verkauf geprüft. 12 Monate Garantie auf das Werk, 14 Tage Rückgaberecht, weltweiter versicherter Versand oder persönliche Übergabe in unserem Showroom in Frankfurt.</p>",Panerai,Armbanduhr,"Panerai, PAM00632, 2016, Gut, Full Set",TRUE,Titel,Einzelstück,PNR-LMN-MRN-PM0,shopify,1,deny,manual,3990,TRUE,TRUE,https://hahn-vo-df1c.vercel.app/assets/products/p399/0.jpg,1,Panerai Luminor Marina Handaufzug 2016,active
panerai-luminor-marina-handaufzug-2016-p399,,,,,,,,,,,,,,,,,https://hahn-vo-df1c.vercel.app/assets/products/p399/1.jpg,2,Panerai Luminor Marina Handaufzug 2016,
panerai-luminor-marina-handaufzug-2016-p399,,,,,,,,,,,,,,,,,https://hahn-vo-df1c.vercel.app/assets/products/p399/2.jpg,3,Panerai Luminor Marina Handaufzug 2016,
panerai-luminor-marina-handaufzug-2016-p399,,,,,,,,,,,,,,,,,https://hahn-vo-df1c.vercel.app/assets/products/p399/3.jpg,4,Panerai Luminor Marina Handaufzug 2016,
panerai-luminor-marina-handaufzug-2016-p399,,,,,,,,,,,,,,,,,https://hahn-vo-df1c.vercel.app/assets/products/p399/4.jpg,5,Panerai Luminor Marina Handaufzug 2016,
panerai-luminor-marina-handaufzug-2016-p399,,,,,,,,,,,,,,,,,https://hahn-vo-df1c.vercel.app/assets/products/p399/5.jpg,6,Panerai Luminor Marina Handaufzug 2016,
breitling-avenger-bandit-chronograph-p405,Breitling Avenger Bandit Chronograph,"<p>Hier präsentieren wir den Breitling Avenger Bandit Chronograph im Full Set aus dem Jahr 2017. Die Breitling ist ein kompromisslos sportlicher Chronograph mit 45 mm Titangehäuse, der durch sein geringes Gewicht und extreme Robustheit überzeugt. Unsere Bilder sind unbearbeitet und zeigen jedes Detail — mehr, als das bloße Auge wahrnimmt.</p><table><tr><th align=""left"" style=""padding:4px 18px 4px 0"">Referenz</th><td>E1338310</td></tr><tr><th align=""left"" style=""padding:4px 18px 4px 0"">Baujahr</th><td>2017</td></tr><tr><th align=""left"" style=""padding:4px 18px 4px 0"">Gehäuse</th><td>Titan</td></tr><tr><th align=""left"" style=""padding:4px 18px 4px 0"">Zifferblatt</th><td>Grau</td></tr><tr><th align=""left"" style=""padding:4px 18px 4px 0"">Band</th><td>Textil</td></tr><tr><th align=""left"" style=""padding:4px 18px 4px 0"">Werk</th><td>Automatik</td></tr><tr><th align=""left"" style=""padding:4px 18px 4px 0"">Lieferumfang</th><td>Full Set, Papiere, Box</td></tr><tr><th align=""left"" style=""padding:4px 18px 4px 0"">Zustand</th><td>Gut</td></tr></table><p>Jede Uhr wird vor dem Verkauf geprüft. 12 Monate Garantie auf das Werk, 14 Tage Rückgaberecht, weltweiter versicherter Versand oder persönliche Übergabe in unserem Showroom in Frankfurt.</p>",Breitling,Armbanduhr,"Breitling, E1338310, 2017, Gut, Full Set",TRUE,Titel,Einzelstück,XN-HR-PRS-WIR2,shopify,1,deny,manual,3250,TRUE,TRUE,https://hahn-vo-df1c.vercel.app/assets/products/p405/0.jpg,1,Breitling Avenger Bandit Chronograph,active
breitling-avenger-bandit-chronograph-p405,,,,,,,,,,,,,,,,,https://hahn-vo-df1c.vercel.app/assets/products/p405/1.jpg,2,Breitling Avenger Bandit Chronograph,
breitling-avenger-bandit-chronograph-p405,,,,,,,,,,,,,,,,,https://hahn-vo-df1c.vercel.app/assets/products/p405/2.jpg,3,Breitling Avenger Bandit Chronograph,
breitling-avenger-bandit-chronograph-p405,,,,,,,,,,,,,,,,,https://hahn-vo-df1c.vercel.app/assets/products/p405/3.jpg,4,Breitling Avenger Bandit Chronograph,
breitling-avenger-bandit-chronograph-p405,,,,,,,,,,,,,,,,,https://hahn-vo-df1c.vercel.app/assets/products/p405/4.jpg,5,Breitling Avenger Bandit Chronograph,
breitling-avenger-bandit-chronograph-p405,,,,,,,,,,,,,,,,,https://hahn-vo-df1c.vercel.app/assets/products/p405/5.jpg,6,Breitling Avenger Bandit Chronograph,
omega-speedmaster-chronoscope-p403,Omega Speedmaster Chronoscope,"<p>Hier präsentieren wir die Omega Speedmaster Chronoscope im Full Set. Die Omega wurde im Frühjahr 2026 im Omega Service Center geprüft und reguliert. (siehe Dokument) Unsere Bilder sind unbearbeitet und zeigen jedes Detail — mehr, als das bloße Auge wahrnimmt.</p><table><tr><th align=""left"" style=""padding:4px 18px 4px 0"">Referenz</th><td>329.33.43.51.02.001</td></tr><tr><th align=""left"" style=""padding:4px 18px 4px 0"">Durchmesser</th><td>43 mm</td></tr><tr><th align=""left"" style=""padding:4px 18px 4px 0"">Gehäuse</th><td>Edelstahl</td></tr><tr><th align=""left"" style=""padding:4px 18px 4px 0"">Zifferblatt</th><td>Weiß / blau</td></tr><tr><th align=""left"" style=""padding:4px 18px 4px 0"">Band</th><td>Edelstahl</td></tr><tr><th align=""left"" style=""padding:4px 18px 4px 0"">Werk</th><td>Automatik</td></tr><tr><th align=""left"" style=""padding:4px 18px 4px 0"">Lieferumfang</th><td>Full Set, Garantiekarte, Box</td></tr></table><p>Jede Uhr wird vor dem Verkauf geprüft. 12 Monate Garantie auf das Werk, 14 Tage Rückgaberecht, weltweiter versicherter Versand oder persönliche Übergabe in unserem Showroom in Frankfurt.</p>",Omega,Armbanduhr,"Omega, 329.33.43.51.02.001, Full Set",TRUE,Titel,Einzelstück,MG-SPD-CHR,shopify,1,deny,manual,6250,TRUE,TRUE,https://hahn-vo-df1c.vercel.app/assets/products/p403/0.jpg,1,Omega Speedmaster Chronoscope,active
omega-speedmaster-chronoscope-p403,,,,,,,,,,,,,,,,,https://hahn-vo-df1c.vercel.app/assets/products/p403/1.jpg,2,Omega Speedmaster Chronoscope,
omega-speedmaster-chronoscope-p403,,,,,,,,,,,,,,,,,https://hahn-vo-df1c.vercel.app/assets/products/p403/2.jpg,3,Omega Speedmaster Chronoscope,
omega-speedmaster-chronoscope-p403,,,,,,,,,,,,,,,,,https://hahn-vo-df1c.vercel.app/assets/products/p403/3.jpg,4,Omega Speedmaster Chronoscope,
omega-speedmaster-chronoscope-p403,,,,,,,,,,,,,,,,,https://hahn-vo-df1c.vercel.app/assets/products/p403/4.jpg,5,Omega Speedmaster Chronoscope,
omega-speedmaster-chronoscope-p403,,,,,,,,,,,,,,,,,https://hahn-vo-df1c.vercel.app/assets/products/p403/5.jpg,6,Omega Speedmaster Chronoscope,
omega-seamaster-aqua-terra-gmt-p395,Omega Seamaster Aqua Terra GMT,"<p>Hier präsentieren wir die Omega Seamaster Aqua Terra. Für alle, die nicht nur die Zeit im Blick haben, sondern gleich mehrere. Die Omega Aqua Terra hatte im Frühjahr 2025 eine komplette Revision bei einem Uhrmacher erhalten. Unsere Bilder sind unbearbeitet und zeigen jedes Detail — mehr, als das bloße Auge wahrnimmt.</p><table><tr><th align=""left"" style=""padding:4px 18px 4px 0"">Referenz</th><td>231.10.43.22.03.001</td></tr><tr><th align=""left"" style=""padding:4px 18px 4px 0"">Durchmesser</th><td>43 mm</td></tr><tr><th align=""left"" style=""padding:4px 18px 4px 0"">Gehäuse</th><td>Edelstahl</td></tr><tr><th align=""left"" style=""padding:4px 18px 4px 0"">Zifferblatt</th><td>Blau</td></tr><tr><th align=""left"" style=""padding:4px 18px 4px 0"">Band</th><td>Leder (guter Zustand)</td></tr><tr><th align=""left"" style=""padding:4px 18px 4px 0"">Werk</th><td>Automatik (Manufakturkaliber)</td></tr><tr><th align=""left"" style=""padding:4px 18px 4px 0"">Zustand</th><td>Sehr gut</td></tr></table><p>Jede Uhr wird vor dem Verkauf geprüft. 12 Monate Garantie auf das Werk, 14 Tage Rückgaberecht, weltweiter versicherter Versand oder persönliche Übergabe in unserem Showroom in Frankfurt.</p>",Omega,Armbanduhr,"Omega, 231.10.43.22.03.001, Sehr gut",TRUE,Titel,Einzelstück,MG-SMS-Q-TRR1,shopify,1,deny,manual,3950,TRUE,TRUE,https://hahn-vo-df1c.vercel.app/assets/products/p395/0.jpg,1,Omega Seamaster Aqua Terra GMT,active
omega-seamaster-aqua-terra-gmt-p395,,,,,,,,,,,,,,,,,https://hahn-vo-df1c.vercel.app/assets/products/p395/1.jpg,2,Omega Seamaster Aqua Terra GMT,
omega-seamaster-aqua-terra-gmt-p395,,,,,,,,,,,,,,,,,https://hahn-vo-df1c.vercel.app/assets/products/p395/2.jpg,3,Omega Seamaster Aqua Terra GMT,
omega-seamaster-aqua-terra-gmt-p395,,,,,,,,,,,,,,,,,https://hahn-vo-df1c.vercel.app/assets/products/p395/3.jpg,4,Omega Seamaster Aqua Terra GMT,
omega-seamaster-aqua-terra-gmt-p395,,,,,,,,,,,,,,,,,https://hahn-vo-df1c.vercel.app/assets/products/p395/4.jpg,5,Omega Seamaster Aqua Terra GMT,
omega-seamaster-aqua-terra-gmt-p395,,,,,,,,,,,,,,,,,https://hahn-vo-df1c.vercel.app/assets/products/p395/5.jpg,6,Omega Seamaster Aqua Terra GMT,
rolex-datejust-41-schwarzes-zifferblatt-p393,"Rolex Datejust 41, schwarzes Zifferblatt","<p>Hier präsentieren wir die Rolex Datejust 41 aus dem Jahr 2026 im Full Set. Unsere Bilder sind unbearbeitet und zeigen jedes Detail — mehr, als das bloße Auge wahrnimmt.</p><table><tr><th align=""left"" style=""padding:4px 18px 4px 0"">Referenz</th><td>126300</td></tr><tr><th align=""left"" style=""padding:4px 18px 4px 0"">Baujahr</th><td>2026</td></tr><tr><th align=""left"" style=""padding:4px 18px 4px 0"">Durchmesser</th><td>41 mm</td></tr><tr><th align=""left"" style=""padding:4px 18px 4px 0"">Gehäuse</th><td>Edelstahl</td></tr><tr><th align=""left"" style=""padding:4px 18px 4px 0"">Zifferblatt</th><td>Schwarz</td></tr><tr><th align=""left"" style=""padding:4px 18px 4px 0"">Band</th><td>Edelstahl</td></tr><tr><th align=""left"" style=""padding:4px 18px 4px 0"">Lieferumfang</th><td>Full Set, Papiere, Box</td></tr></table><p>Jede Uhr wird vor dem Verkauf geprüft. 12 Monate Garantie auf das Werk, 14 Tage Rückgaberecht, weltweiter versicherter Versand oder persönliche Übergabe in unserem Showroom in Frankfurt.</p>",Rolex,Armbanduhr,"Rolex, 126300, 2026, Full Set",TRUE,Titel,Einzelstück,RLX-DTJ-41-ZB2,shopify,1,deny,manual,9900,TRUE,TRUE,https://hahn-vo-df1c.vercel.app/assets/products/p393/0.jpg,1,"Rolex Datejust 41, schwarzes Zifferblatt",active
rolex-datejust-41-schwarzes-zifferblatt-p393,,,,,,,,,,,,,,,,,https://hahn-vo-df1c.vercel.app/assets/products/p393/1.jpg,2,"Rolex Datejust 41, schwarzes Zifferblatt",
rolex-datejust-41-schwarzes-zifferblatt-p393,,,,,,,,,,,,,,,,,https://hahn-vo-df1c.vercel.app/assets/products/p393/2.jpg,3,"Rolex Datejust 41, schwarzes Zifferblatt",
rolex-datejust-41-schwarzes-zifferblatt-p393,,,,,,,,,,,,,,,,,https://hahn-vo-df1c.vercel.app/assets/products/p393/3.jpg,4,"Rolex Datejust 41, schwarzes Zifferblatt",
rolex-datejust-41-schwarzes-zifferblatt-p393,,,,,,,,,,,,,,,,,https://hahn-vo-df1c.vercel.app/assets/products/p393/4.jpg,5,"Rolex Datejust 41, schwarzes Zifferblatt",
rolex-datejust-41-schwarzes-zifferblatt-p393,,,,,,,,,,,,,,,,,https://hahn-vo-df1c.vercel.app/assets/products/p393/5.jpg,6,"Rolex Datejust 41, schwarzes Zifferblatt",
iwc-gst-chronograph-titan-p367,IWC GST Chronograph Titan,"<p>Hier präsentieren wir die IWC GST Chronograph aus Titan. Unsere Bilder sind unbearbeitet und zeigen jedes Detail — mehr, als das bloße Auge wahrnimmt.</p><table><tr><th align=""left"" style=""padding:4px 18px 4px 0"">Referenz</th><td>IW370703</td></tr><tr><th align=""left"" style=""padding:4px 18px 4px 0"">Durchmesser</th><td>40 mm</td></tr><tr><th align=""left"" style=""padding:4px 18px 4px 0"">Gehäuse</th><td>Titan</td></tr><tr><th align=""left"" style=""padding:4px 18px 4px 0"">Zifferblatt</th><td>Schwarz</td></tr><tr><th align=""left"" style=""padding:4px 18px 4px 0"">Band</th><td>Titan</td></tr><tr><th align=""left"" style=""padding:4px 18px 4px 0"">Werk</th><td>Automatik</td></tr><tr><th align=""left"" style=""padding:4px 18px 4px 0"">Zustand</th><td>Gut</td></tr></table><p>Jede Uhr wird vor dem Verkauf geprüft. 12 Monate Garantie auf das Werk, 14 Tage Rückgaberecht, weltweiter versicherter Versand oder persönliche Übergabe in unserem Showroom in Frankfurt.</p>",IWC,Armbanduhr,"IWC, IW370703, Gut",TRUE,Titel,Einzelstück,IWC-GST-CHR-TTN,shopify,1,deny,manual,2890,TRUE,TRUE,https://hahn-vo-df1c.vercel.app/assets/products/p367/0.jpg,1,IWC GST Chronograph Titan,active
iwc-gst-chronograph-titan-p367,,,,,,,,,,,,,,,,,https://hahn-vo-df1c.vercel.app/assets/products/p367/1.jpg,2,IWC GST Chronograph Titan,
iwc-gst-chronograph-titan-p367,,,,,,,,,,,,,,,,,https://hahn-vo-df1c.vercel.app/assets/products/p367/2.jpg,3,IWC GST Chronograph Titan,
iwc-gst-chronograph-titan-p367,,,,,,,,,,,,,,,,,https://hahn-vo-df1c.vercel.app/assets/products/p367/3.jpg,4,IWC GST Chronograph Titan,
iwc-gst-chronograph-titan-p367,,,,,,,,,,,,,,,,,https://hahn-vo-df1c.vercel.app/assets/products/p367/4.jpg,5,IWC GST Chronograph Titan,
iwc-gst-chronograph-titan-p367,,,,,,,,,,,,,,,,,https://hahn-vo-df1c.vercel.app/assets/products/p367/5.jpg,6,IWC GST Chronograph Titan,
rolex-datejust-36-schwarzes-zifferblatt-p382,"Rolex Datejust 36, schwarzes Zifferblatt","<p>Hier präsentieren wir die Rolex Datejust 36 ZB schwarz Ref.126200 im Full Set. Lieferzeit 10-14 Tage. Unsere Bilder sind unbearbeitet und zeigen jedes Detail — mehr, als das bloße Auge wahrnimmt. Gerne können wir ein Video senden.</p><table><tr><th align=""left"" style=""padding:4px 18px 4px 0"">Referenz</th><td>126200</td></tr><tr><th align=""left"" style=""padding:4px 18px 4px 0"">Baujahr</th><td>2020</td></tr><tr><th align=""left"" style=""padding:4px 18px 4px 0"">Durchmesser</th><td>36 mm</td></tr><tr><th align=""left"" style=""padding:4px 18px 4px 0"">Gehäuse</th><td>Edelstahl</td></tr><tr><th align=""left"" style=""padding:4px 18px 4px 0"">Zifferblatt</th><td>Grau</td></tr><tr><th align=""left"" style=""padding:4px 18px 4px 0"">Band</th><td>Edelstahl</td></tr><tr><th align=""left"" style=""padding:4px 18px 4px 0"">Werk</th><td>Automatik</td></tr><tr><th align=""left"" style=""padding:4px 18px 4px 0"">Lieferumfang</th><td>Full Set, Papiere, Box</td></tr></table><p>Jede Uhr wird vor dem Verkauf geprüft. 12 Monate Garantie auf das Werk, 14 Tage Rückgaberecht, weltweiter versicherter Versand oder persönliche Übergabe in unserem Showroom in Frankfurt.</p>",Rolex,Armbanduhr,"Rolex, 126200, 2020, Full Set",TRUE,Titel,Einzelstück,RLX-DTJ-36-ZB,shopify,1,deny,manual,8950,TRUE,TRUE,https://hahn-vo-df1c.vercel.app/assets/products/p382/0.jpg,1,"Rolex Datejust 36, schwarzes Zifferblatt",active
rolex-datejust-36-schwarzes-zifferblatt-p382,,,,,,,,,,,,,,,,,https://hahn-vo-df1c.vercel.app/assets/products/p382/1.jpg,2,"Rolex Datejust 36, schwarzes Zifferblatt",
rolex-datejust-36-schwarzes-zifferblatt-p382,,,,,,,,,,,,,,,,,https://hahn-vo-df1c.vercel.app/assets/products/p382/2.jpg,3,"Rolex Datejust 36, schwarzes Zifferblatt",
rolex-datejust-36-schwarzes-zifferblatt-p382,,,,,,,,,,,,,,,,,https://hahn-vo-df1c.vercel.app/assets/products/p382/3.jpg,4,"Rolex Datejust 36, schwarzes Zifferblatt",
rolex-datejust-36-schwarzes-zifferblatt-p382,,,,,,,,,,,,,,,,,https://hahn-vo-df1c.vercel.app/assets/products/p382/4.jpg,5,"Rolex Datejust 36, schwarzes Zifferblatt",
rolex-datejust-36-schwarzes-zifferblatt-p382,,,,,,,,,,,,,,,,,https://hahn-vo-df1c.vercel.app/assets/products/p382/5.jpg,6,"Rolex Datejust 36, schwarzes Zifferblatt",
rolex-datejust-36-edelstahl-ros-gold-p381,Rolex Datejust 36 Edelstahl/Roségold,"<p>Hier präsentieren wir die Rolex Datejust 36 Ref. 126201 im Full Set. Lieferzeit 10-14 Tage. Unsere Bilder sind unbearbeitet und zeigen jedes Detail — mehr, als das bloße Auge wahrnimmt. Gerne können wir ein Video senden.</p><table><tr><th align=""left"" style=""padding:4px 18px 4px 0"">Referenz</th><td>126201</td></tr><tr><th align=""left"" style=""padding:4px 18px 4px 0"">Baujahr</th><td>2019</td></tr><tr><th align=""left"" style=""padding:4px 18px 4px 0"">Durchmesser</th><td>36 mm</td></tr><tr><th align=""left"" style=""padding:4px 18px 4px 0"">Gehäuse</th><td>Edelstahl / Roségold</td></tr><tr><th align=""left"" style=""padding:4px 18px 4px 0"">Zifferblatt</th><td>Grau</td></tr><tr><th align=""left"" style=""padding:4px 18px 4px 0"">Band</th><td>Edelstahl / Roségold</td></tr><tr><th align=""left"" style=""padding:4px 18px 4px 0"">Werk</th><td>Automatik</td></tr><tr><th align=""left"" style=""padding:4px 18px 4px 0"">Lieferumfang</th><td>Full Set, Papiere, Box</td></tr></table><p>Jede Uhr wird vor dem Verkauf geprüft. 12 Monate Garantie auf das Werk, 14 Tage Rückgaberecht, weltweiter versicherter Versand oder persönliche Übergabe in unserem Showroom in Frankfurt.</p>",Rolex,Armbanduhr,"Rolex, 126201, 2019, Full Set",TRUE,Titel,Einzelstück,RLX-DTJ-36-DLS,shopify,1,deny,manual,12950,TRUE,TRUE,https://hahn-vo-df1c.vercel.app/assets/products/p381/0.jpg,1,Rolex Datejust 36 Edelstahl/Roségold,active
rolex-datejust-36-edelstahl-ros-gold-p381,,,,,,,,,,,,,,,,,https://hahn-vo-df1c.vercel.app/assets/products/p381/1.jpg,2,Rolex Datejust 36 Edelstahl/Roségold,
rolex-datejust-36-edelstahl-ros-gold-p381,,,,,,,,,,,,,,,,,https://hahn-vo-df1c.vercel.app/assets/products/p381/2.jpg,3,Rolex Datejust 36 Edelstahl/Roségold,
rolex-datejust-36-edelstahl-ros-gold-p381,,,,,,,,,,,,,,,,,https://hahn-vo-df1c.vercel.app/assets/products/p381/3.jpg,4,Rolex Datejust 36 Edelstahl/Roségold,
junghans-schaltradchronograph-bundeswehr-unikat-p377,Junghans Schaltradchronograph Bundeswehr — Unikat,"<p>Wir bieten hier ein außergewöhnliches Sammlerstück aus dem Hause Junghans an. Einen seltenen Schaltradchronographen mit militärischem Hintergrund. Dieses Exemplar wurde ursprünglich für die Bundeswehr vorgesehen und zeichnet sich durch mehrere besondere Merkmale aus. Besonders hervorzuheben ist die sogenannte Sternzeitregulierung, die auf eine präzise und hochwertige Feinjustierung des Uhrwerks hinweist.</p><table><tr><th align=""left"" style=""padding:4px 18px 4px 0"">Baujahr</th><td>1953</td></tr></table><p>Jede Uhr wird vor dem Verkauf geprüft. 12 Monate Garantie auf das Werk, 14 Tage Rückgaberecht, weltweiter versicherter Versand oder persönliche Übergabe in unserem Showroom in Frankfurt.</p>",Junghans,Armbanduhr,"Junghans, 1953",TRUE,Titel,Einzelstück,XN-JNG-SCH-NKT,shopify,1,deny,manual,4990,TRUE,TRUE,https://hahn-vo-df1c.vercel.app/assets/products/p377/0.jpg,1,Junghans Schaltradchronograph Bundeswehr — Unikat,active
junghans-schaltradchronograph-bundeswehr-unikat-p377,,,,,,,,,,,,,,,,,https://hahn-vo-df1c.vercel.app/assets/products/p377/1.jpg,2,Junghans Schaltradchronograph Bundeswehr — Unikat,
junghans-schaltradchronograph-bundeswehr-unikat-p377,,,,,,,,,,,,,,,,,https://hahn-vo-df1c.vercel.app/assets/products/p377/2.jpg,3,Junghans Schaltradchronograph Bundeswehr — Unikat,
junghans-schaltradchronograph-bundeswehr-unikat-p377,,,,,,,,,,,,,,,,,https://hahn-vo-df1c.vercel.app/assets/products/p377/3.jpg,4,Junghans Schaltradchronograph Bundeswehr — Unikat,
junghans-schaltradchronograph-bundeswehr-unikat-p377,,,,,,,,,,,,,,,,,https://hahn-vo-df1c.vercel.app/assets/products/p377/4.jpg,5,Junghans Schaltradchronograph Bundeswehr — Unikat,
junghans-schaltradchronograph-bundeswehr-unikat-p377,,,,,,,,,,,,,,,,,https://hahn-vo-df1c.vercel.app/assets/products/p377/5.jpg,6,Junghans Schaltradchronograph Bundeswehr — Unikat,
tag-heuer-link-chronograph-automatik-p366,Tag Heuer Link Chronograph Automatik,"<p>Hier präsentieren wir den TAG Heuer Link Chronograph. Die TAG Heuer hatte im März 2026 einen kompletten Service erhalten und kommt mit 2x Jahren Garantie. Unsere Bilder sind unbearbeitet und zeigen jedes Detail — mehr, als das bloße Auge wahrnimmt.</p><table><tr><th align=""left"" style=""padding:4px 18px 4px 0"">Referenz</th><td>CJF2111</td></tr><tr><th align=""left"" style=""padding:4px 18px 4px 0"">Durchmesser</th><td>42 mm</td></tr><tr><th align=""left"" style=""padding:4px 18px 4px 0"">Gehäuse</th><td>Edelstahl</td></tr><tr><th align=""left"" style=""padding:4px 18px 4px 0"">Band</th><td>Edelstahl</td></tr><tr><th align=""left"" style=""padding:4px 18px 4px 0"">Werk</th><td>Automatik</td></tr><tr><th align=""left"" style=""padding:4px 18px 4px 0"">Zustand</th><td>Sehr gut</td></tr></table><p>Jede Uhr wird vor dem Verkauf geprüft. 12 Monate Garantie auf das Werk, 14 Tage Rückgaberecht, weltweiter versicherter Versand oder persönliche Übergabe in unserem Showroom in Frankfurt.</p>",Tag Heuer,Armbanduhr,"Tag Heuer, CJF2111, Sehr gut",TRUE,Titel,Einzelstück,TAG-HR-LNK-CHR,shopify,1,deny,manual,1550,TRUE,TRUE,https://hahn-vo-df1c.vercel.app/assets/products/p366/0.jpg,1,Tag Heuer Link Chronograph Automatik,active
tag-heuer-link-chronograph-automatik-p366,,,,,,,,,,,,,,,,,https://hahn-vo-df1c.vercel.app/assets/products/p366/1.jpg,2,Tag Heuer Link Chronograph Automatik,
tag-heuer-link-chronograph-automatik-p366,,,,,,,,,,,,,,,,,https://hahn-vo-df1c.vercel.app/assets/products/p366/2.jpg,3,Tag Heuer Link Chronograph Automatik,
tag-heuer-link-chronograph-automatik-p366,,,,,,,,,,,,,,,,,https://hahn-vo-df1c.vercel.app/assets/products/p366/3.jpg,4,Tag Heuer Link Chronograph Automatik,
tag-heuer-link-chronograph-automatik-p366,,,,,,,,,,,,,,,,,https://hahn-vo-df1c.vercel.app/assets/products/p366/4.jpg,5,Tag Heuer Link Chronograph Automatik,
tag-heuer-link-chronograph-automatik-p366,,,,,,,,,,,,,,,,,https://hahn-vo-df1c.vercel.app/assets/products/p366/5.jpg,6,Tag Heuer Link Chronograph Automatik,
iwc-pilot-s-watch-chronograph-p364,IWC Pilot’s Watch Chronograph,"<p>Hier präsentieren den IWC Pilots Chronograph ZB blau im Full Set aus dem Jahr 2022. Der IWC Fliegerchrono hat eine Garantie bis Ende 2030. Der aktuelle Listenpreis liegt bei 8.600 € Unsere Bilder sind unbearbeitet und zeigen jedes Detail — mehr, als das bloße Auge wahrnimmt.</p><table><tr><th align=""left"" style=""padding:4px 18px 4px 0"">Referenz</th><td>IW388102</td></tr><tr><th align=""left"" style=""padding:4px 18px 4px 0"">Baujahr</th><td>2022</td></tr><tr><th align=""left"" style=""padding:4px 18px 4px 0"">Durchmesser</th><td>41 mm</td></tr><tr><th align=""left"" style=""padding:4px 18px 4px 0"">Gehäuse</th><td>Edelstahl</td></tr><tr><th align=""left"" style=""padding:4px 18px 4px 0"">Zifferblatt</th><td>Blau</td></tr><tr><th align=""left"" style=""padding:4px 18px 4px 0"">Band</th><td>Edelstahl</td></tr><tr><th align=""left"" style=""padding:4px 18px 4px 0"">Werk</th><td>Manufakturwerk von IWC (Automatik)</td></tr><tr><th align=""left"" style=""padding:4px 18px 4px 0"">Lieferumfang</th><td>Full Set, Papiere, Box</td></tr></table><p>Jede Uhr wird vor dem Verkauf geprüft. 12 Monate Garantie auf das Werk, 14 Tage Rückgaberecht, weltweiter versicherter Versand oder persönliche Übergabe in unserem Showroom in Frankfurt.</p>",IWC,Armbanduhr,"IWC, IW388102, 2022, Full Set",TRUE,Titel,Einzelstück,IWC-SCH-PLT-CHR,shopify,1,deny,manual,5550,TRUE,TRUE,https://hahn-vo-df1c.vercel.app/assets/products/p364/0.jpg,1,IWC Pilot’s Watch Chronograph,active
iwc-pilot-s-watch-chronograph-p364,,,,,,,,,,,,,,,,,https://hahn-vo-df1c.vercel.app/assets/products/p364/1.jpg,2,IWC Pilot’s Watch Chronograph,
iwc-pilot-s-watch-chronograph-p364,,,,,,,,,,,,,,,,,https://hahn-vo-df1c.vercel.app/assets/products/p364/2.jpg,3,IWC Pilot’s Watch Chronograph,
iwc-pilot-s-watch-chronograph-p364,,,,,,,,,,,,,,,,,https://hahn-vo-df1c.vercel.app/assets/products/p364/3.jpg,4,IWC Pilot’s Watch Chronograph,
iwc-pilot-s-watch-chronograph-p364,,,,,,,,,,,,,,,,,https://hahn-vo-df1c.vercel.app/assets/products/p364/4.jpg,5,IWC Pilot’s Watch Chronograph,
iwc-pilot-s-watch-chronograph-p364,,,,,,,,,,,,,,,,,https://hahn-vo-df1c.vercel.app/assets/products/p364/5.jpg,6,IWC Pilot’s Watch Chronograph,
omega-seamaster-diver-300m-007-edition-titan-p347,Omega Seamaster Diver 300M „007 Edition“ Titan,"<p>Hier präsentieren wir die Omega Seamaster Diver 300M 007 im Full Set. Diese Seamaster mit einem Durchmesser von 42 mm ist identisch mit der Uhr von 007 in „Keine Zeit zu sterben“, besteht aus robustem und doch leichtem Titan Grade 2 und weist einen Lünettenring sowie ein Zifferblatt aus braunem Aluminium auf. Unsere Bilder sind unbearbeitet und zeigen jedes Detail — mehr, als das bloße Auge wahrnimmt.</p><table><tr><th align=""left"" style=""padding:4px 18px 4px 0"">Referenz</th><td>210.92.42.20.01.001</td></tr><tr><th align=""left"" style=""padding:4px 18px 4px 0"">Baujahr</th><td>2020</td></tr><tr><th align=""left"" style=""padding:4px 18px 4px 0"">Durchmesser</th><td>42 mm</td></tr><tr><th align=""left"" style=""padding:4px 18px 4px 0"">Gehäuse</th><td>Titan</td></tr><tr><th align=""left"" style=""padding:4px 18px 4px 0"">Zifferblatt</th><td>Braun</td></tr><tr><th align=""left"" style=""padding:4px 18px 4px 0"">Band</th><td>Titan</td></tr><tr><th align=""left"" style=""padding:4px 18px 4px 0"">Werk</th><td>Automatik (Manufaktur)</td></tr><tr><th align=""left"" style=""padding:4px 18px 4px 0"">Lieferumfang</th><td>Full Set, Papiere, Box</td></tr><tr><th align=""left"" style=""padding:4px 18px 4px 0"">Zustand</th><td>Sehr gut</td></tr></table><p>Jede Uhr wird vor dem Verkauf geprüft. 12 Monate Garantie auf das Werk, 14 Tage Rückgaberecht, weltweiter versicherter Versand oder persönliche Übergabe in unserem Showroom in Frankfurt.</p>",Omega,Armbanduhr,"Omega, 210.92.42.20.01.001, 2020, Sehr gut, Full Set",TRUE,Titel,Einzelstück,MG-SMS-DVR-300,shopify,1,deny,manual,7190,TRUE,TRUE,https://hahn-vo-df1c.vercel.app/assets/products/p347/0.jpg,1,Omega Seamaster Diver 300M „007 Edition“ Titan,active
omega-seamaster-diver-300m-007-edition-titan-p347,,,,,,,,,,,,,,,,,https://hahn-vo-df1c.vercel.app/assets/products/p347/1.jpg,2,Omega Seamaster Diver 300M „007 Edition“ Titan,
omega-seamaster-diver-300m-007-edition-titan-p347,,,,,,,,,,,,,,,,,https://hahn-vo-df1c.vercel.app/assets/products/p347/2.jpg,3,Omega Seamaster Diver 300M „007 Edition“ Titan,
omega-seamaster-diver-300m-007-edition-titan-p347,,,,,,,,,,,,,,,,,https://hahn-vo-df1c.vercel.app/assets/products/p347/3.jpg,4,Omega Seamaster Diver 300M „007 Edition“ Titan,
omega-seamaster-diver-300m-007-edition-titan-p347,,,,,,,,,,,,,,,,,https://hahn-vo-df1c.vercel.app/assets/products/p347/4.jpg,5,Omega Seamaster Diver 300M „007 Edition“ Titan,
omega-seamaster-diver-300m-007-edition-titan-p347,,,,,,,,,,,,,,,,,https://hahn-vo-df1c.vercel.app/assets/products/p347/5.jpg,6,Omega Seamaster Diver 300M „007 Edition“ Titan,
breitling-avenger-automatik-p352,Breitling Avenger Automatik,"<p>Hier präsentieren wir die Breitling Avenger ZB blau im Full Set aus dem Jahr 2020. Unsere Bilder sind unbearbeitet und zeigen jedes Detail — mehr, als das bloße Auge wahrnimmt.</p><table><tr><th align=""left"" style=""padding:4px 18px 4px 0"">Referenz</th><td>A17318101C1A1</td></tr><tr><th align=""left"" style=""padding:4px 18px 4px 0"">Baujahr</th><td>2020</td></tr><tr><th align=""left"" style=""padding:4px 18px 4px 0"">Durchmesser</th><td>43 mm</td></tr><tr><th align=""left"" style=""padding:4px 18px 4px 0"">Gehäuse</th><td>Edelstahl</td></tr><tr><th align=""left"" style=""padding:4px 18px 4px 0"">Zifferblatt</th><td>Blau</td></tr><tr><th align=""left"" style=""padding:4px 18px 4px 0"">Band</th><td>Edelstahl</td></tr><tr><th align=""left"" style=""padding:4px 18px 4px 0"">Werk</th><td>Automatik 12</td></tr><tr><th align=""left"" style=""padding:4px 18px 4px 0"">Lieferumfang</th><td>Full Set, Papiere, Box</td></tr><tr><th align=""left"" style=""padding:4px 18px 4px 0"">Zustand</th><td>Sehr gut</td></tr></table><p>Jede Uhr wird vor dem Verkauf geprüft. 12 Monate Garantie auf das Werk, 14 Tage Rückgaberecht, weltweiter versicherter Versand oder persönliche Übergabe in unserem Showroom in Frankfurt.</p>",Breitling,Armbanduhr,"Breitling, A17318101C1A1, 2020, Sehr gut, Full Set",TRUE,Titel,Einzelstück,BRT-VNG-TMT-173,shopify,1,deny,manual,2990,TRUE,TRUE,https://hahn-vo-df1c.vercel.app/assets/products/p352/0.jpg,1,Breitling Avenger Automatik,active
breitling-avenger-automatik-p352,,,,,,,,,,,,,,,,,https://hahn-vo-df1c.vercel.app/assets/products/p352/1.jpg,2,Breitling Avenger Automatik,
breitling-avenger-automatik-p352,,,,,,,,,,,,,,,,,https://hahn-vo-df1c.vercel.app/assets/products/p352/2.jpg,3,Breitling Avenger Automatik,
breitling-avenger-automatik-p352,,,,,,,,,,,,,,,,,https://hahn-vo-df1c.vercel.app/assets/products/p352/3.jpg,4,Breitling Avenger Automatik,
breitling-avenger-automatik-p352,,,,,,,,,,,,,,,,,https://hahn-vo-df1c.vercel.app/assets/products/p352/4.jpg,5,Breitling Avenger Automatik,
breitling-avenger-automatik-p352,,,,,,,,,,,,,,,,,https://hahn-vo-df1c.vercel.app/assets/products/p352/5.jpg,6,Breitling Avenger Automatik,
iwc-portofino-37-automatic-diamond-dial-p357,IWC Portofino 37 Automatic Diamond Dial,"<p>Hier präsentieren wir die IWC Portofino 37 aus dem Jahr 2021 im Full Set mit einer Restgarantie bei IWC bis 2029. Unsere Bilder sind unbearbeitet und zeigen jedes Detail, mehr als das bloße Auge wahrnimmt.</p><table><tr><th align=""left"" style=""padding:4px 18px 4px 0"">Referenz</th><td>IW458101</td></tr><tr><th align=""left"" style=""padding:4px 18px 4px 0"">Baujahr</th><td>2021</td></tr><tr><th align=""left"" style=""padding:4px 18px 4px 0"">Durchmesser</th><td>37 mm</td></tr><tr><th align=""left"" style=""padding:4px 18px 4px 0"">Gehäuse</th><td>Edelstahl</td></tr><tr><th align=""left"" style=""padding:4px 18px 4px 0"">Zifferblatt</th><td>Silber</td></tr><tr><th align=""left"" style=""padding:4px 18px 4px 0"">Band</th><td>Leder</td></tr><tr><th align=""left"" style=""padding:4px 18px 4px 0"">Werk</th><td>Automatik 12</td></tr><tr><th align=""left"" style=""padding:4px 18px 4px 0"">Lieferumfang</th><td>Full Set, Garantiekarte, Box</td></tr></table><p>Jede Uhr wird vor dem Verkauf geprüft. 12 Monate Garantie auf das Werk, 14 Tage Rückgaberecht, weltweiter versicherter Versand oder persönliche Übergabe in unserem Showroom in Frankfurt.</p>",IWC,Armbanduhr,"IWC, IW458101, 2021, Full Set",TRUE,Titel,Einzelstück,IWC-PRT-37-TMT,shopify,1,deny,manual,3190,TRUE,TRUE,https://hahn-vo-df1c.vercel.app/assets/products/p357/0.jpg,1,IWC Portofino 37 Automatic Diamond Dial,active
iwc-portofino-37-automatic-diamond-dial-p357,,,,,,,,,,,,,,,,,https://hahn-vo-df1c.vercel.app/assets/products/p357/1.jpg,2,IWC Portofino 37 Automatic Diamond Dial,
iwc-portofino-37-automatic-diamond-dial-p357,,,,,,,,,,,,,,,,,https://hahn-vo-df1c.vercel.app/assets/products/p357/2.jpg,3,IWC Portofino 37 Automatic Diamond Dial,
iwc-portofino-37-automatic-diamond-dial-p357,,,,,,,,,,,,,,,,,https://hahn-vo-df1c.vercel.app/assets/products/p357/3.jpg,4,IWC Portofino 37 Automatic Diamond Dial,
iwc-portofino-37-automatic-diamond-dial-p357,,,,,,,,,,,,,,,,,https://hahn-vo-df1c.vercel.app/assets/products/p357/4.jpg,5,IWC Portofino 37 Automatic Diamond Dial,
iwc-portofino-37-automatic-diamond-dial-p357,,,,,,,,,,,,,,,,,https://hahn-vo-df1c.vercel.app/assets/products/p357/5.jpg,6,IWC Portofino 37 Automatic Diamond Dial,
tag-heuer-carrera-calibre-16-chronograph-p350,Tag Heuer Carrera Calibre 16 Chronograph,"<p>Hier präsentieren wir die TAG Heuer Carrera Calibre 16. Der Listenpreis der Tag Heuer liegt bei 5.800 Euro in Deutschland. Unsere Bilder sind unbearbeitet und zeigen jedes Detail — mehr, als das bloße Auge wahrnimmt.</p><table><tr><th align=""left"" style=""padding:4px 18px 4px 0"">Referenz</th><td>CBM2110.BA065</td></tr><tr><th align=""left"" style=""padding:4px 18px 4px 0"">Durchmesser</th><td>41 mm</td></tr><tr><th align=""left"" style=""padding:4px 18px 4px 0"">Gehäuse</th><td>Edelstahl</td></tr><tr><th align=""left"" style=""padding:4px 18px 4px 0"">Zifferblatt</th><td>Schwarz</td></tr><tr><th align=""left"" style=""padding:4px 18px 4px 0"">Band</th><td>Edelstahl</td></tr><tr><th align=""left"" style=""padding:4px 18px 4px 0"">Werk</th><td>Automatik</td></tr><tr><th align=""left"" style=""padding:4px 18px 4px 0"">Zustand</th><td>Sehr gut</td></tr></table><p>Jede Uhr wird vor dem Verkauf geprüft. 12 Monate Garantie auf das Werk, 14 Tage Rückgaberecht, weltweiter versicherter Versand oder persönliche Übergabe in unserem Showroom in Frankfurt.</p>",Tag Heuer,Armbanduhr,"Tag Heuer, CBM2110.BA065, Sehr gut",TRUE,Titel,Einzelstück,TAG-HR-CRR-CLB2,shopify,1,deny,manual,2990,TRUE,TRUE,https://hahn-vo-df1c.vercel.app/assets/products/p350/0.jpg,1,Tag Heuer Carrera Calibre 16 Chronograph,active
tag-heuer-carrera-calibre-16-chronograph-p350,,,,,,,,,,,,,,,,,https://hahn-vo-df1c.vercel.app/assets/products/p350/1.jpg,2,Tag Heuer Carrera Calibre 16 Chronograph,
tag-heuer-carrera-calibre-16-chronograph-p350,,,,,,,,,,,,,,,,,https://hahn-vo-df1c.vercel.app/assets/products/p350/2.jpg,3,Tag Heuer Carrera Calibre 16 Chronograph,
tag-heuer-carrera-calibre-16-chronograph-p350,,,,,,,,,,,,,,,,,https://hahn-vo-df1c.vercel.app/assets/products/p350/3.jpg,4,Tag Heuer Carrera Calibre 16 Chronograph,
tag-heuer-carrera-calibre-16-chronograph-p350,,,,,,,,,,,,,,,,,https://hahn-vo-df1c.vercel.app/assets/products/p350/4.jpg,5,Tag Heuer Carrera Calibre 16 Chronograph,
tag-heuer-carrera-calibre-16-chronograph-p350,,,,,,,,,,,,,,,,,https://hahn-vo-df1c.vercel.app/assets/products/p350/5.jpg,6,Tag Heuer Carrera Calibre 16 Chronograph,
breitling-chronomat-burgundy-dial-p335,Breitling Chronomat Burgundy Dial,"<p>Hier präsentieren wir die Breitling Chronomat in Stahl/Gold mit Echtheitszertifikat. Alle wichtigen Details auf einen Blick: Gesamtbewertung: Gut Gehäuse: Gut erkennbar Glas: Sehr gut Lünette: Gut erkennbar Armband: Sehr gut Schließe: Sehr gut (After market, siehe Bilder) Uhrwerk: Geprüft auf einwandfreies Laufverhalten, kein anstehender Service. Unsere Bilder sind unbearbeitet und zeigen jedes Detail — mehr, als das bloße Auge wahrnimmt.</p><table><tr><th align=""left"" style=""padding:4px 18px 4px 0"">Referenz</th><td>B13047</td></tr><tr><th align=""left"" style=""padding:4px 18px 4px 0"">Durchmesser</th><td>39 mm</td></tr><tr><th align=""left"" style=""padding:4px 18px 4px 0"">Gehäuse</th><td>Edelstahl</td></tr><tr><th align=""left"" style=""padding:4px 18px 4px 0"">Zifferblatt</th><td>Burgundy Dial</td></tr><tr><th align=""left"" style=""padding:4px 18px 4px 0"">Band</th><td>Leder</td></tr><tr><th align=""left"" style=""padding:4px 18px 4px 0"">Lieferumfang</th><td>Echtheitszertifikat</td></tr><tr><th align=""left"" style=""padding:4px 18px 4px 0"">Zustand</th><td>Gut</td></tr></table><p>Jede Uhr wird vor dem Verkauf geprüft. 12 Monate Garantie auf das Werk, 14 Tage Rückgaberecht, weltweiter versicherter Versand oder persönliche Übergabe in unserem Showroom in Frankfurt.</p>",Breitling,Armbanduhr,"Breitling, B13047, Gut",TRUE,Titel,Einzelstück,BRT-CHR-B13-BRG,shopify,1,deny,manual,2190,TRUE,TRUE,https://hahn-vo-df1c.vercel.app/assets/products/p335/0.jpg,1,Breitling Chronomat Burgundy Dial,active
breitling-chronomat-burgundy-dial-p335,,,,,,,,,,,,,,,,,https://hahn-vo-df1c.vercel.app/assets/products/p335/1.jpg,2,Breitling Chronomat Burgundy Dial,
breitling-chronomat-burgundy-dial-p335,,,,,,,,,,,,,,,,,https://hahn-vo-df1c.vercel.app/assets/products/p335/2.jpg,3,Breitling Chronomat Burgundy Dial,
breitling-chronomat-burgundy-dial-p335,,,,,,,,,,,,,,,,,https://hahn-vo-df1c.vercel.app/assets/products/p335/3.jpg,4,Breitling Chronomat Burgundy Dial,
breitling-chronomat-burgundy-dial-p335,,,,,,,,,,,,,,,,,https://hahn-vo-df1c.vercel.app/assets/products/p335/4.jpg,5,Breitling Chronomat Burgundy Dial,
breitling-chronomat-burgundy-dial-p335,,,,,,,,,,,,,,,,,https://hahn-vo-df1c.vercel.app/assets/products/p335/5.jpg,6,Breitling Chronomat Burgundy Dial,
omega-seamaster-planet-ocean-45-mm-p334,Omega Seamaster Planet Ocean 45 mm,"<p>Hier präsentieren wir die Omega Planet Ocean mit original Omegabox. Alle wichtigen Details auf einen Blick: Gesamtbewertung: Sehr gut Gehäuse: Sehr gut Glas: Gut Lünette: Sehr gut Armband: Sehr gut Schließe: Sehr gut Uhrwerk: Geprüft auf einwandfreies Laufverhalten, kein anstehender Service. Unsere Bilder sind unbearbeitet und zeigen jedes Detail — mehr, als das bloße Auge wahrnimmt.</p><table><tr><th align=""left"" style=""padding:4px 18px 4px 0"">Referenz</th><td>2200.50.00</td></tr><tr><th align=""left"" style=""padding:4px 18px 4px 0"">Durchmesser</th><td>45 mm</td></tr><tr><th align=""left"" style=""padding:4px 18px 4px 0"">Gehäuse</th><td>Edelstahl</td></tr><tr><th align=""left"" style=""padding:4px 18px 4px 0"">Zifferblatt</th><td>Schwarz</td></tr><tr><th align=""left"" style=""padding:4px 18px 4px 0"">Band</th><td>Edelstahl</td></tr><tr><th align=""left"" style=""padding:4px 18px 4px 0"">Lieferumfang</th><td>Box</td></tr><tr><th align=""left"" style=""padding:4px 18px 4px 0"">Zustand</th><td>Sehr gut</td></tr></table><p>Jede Uhr wird vor dem Verkauf geprüft. 12 Monate Garantie auf das Werk, 14 Tage Rückgaberecht, weltweiter versicherter Versand oder persönliche Übergabe in unserem Showroom in Frankfurt.</p>",Omega,Armbanduhr,"Omega, 2200.50.00, Sehr gut",TRUE,Titel,Einzelstück,MG-SMS-PLN-CN1,shopify,1,deny,manual,2990,TRUE,TRUE,https://hahn-vo-df1c.vercel.app/assets/products/p334/0.jpg,1,Omega Seamaster Planet Ocean 45 mm,active
omega-seamaster-planet-ocean-45-mm-p334,,,,,,,,,,,,,,,,,https://hahn-vo-df1c.vercel.app/assets/products/p334/1.jpg,2,Omega Seamaster Planet Ocean 45 mm,
omega-seamaster-planet-ocean-45-mm-p334,,,,,,,,,,,,,,,,,https://hahn-vo-df1c.vercel.app/assets/products/p334/2.jpg,3,Omega Seamaster Planet Ocean 45 mm,
omega-seamaster-planet-ocean-45-mm-p334,,,,,,,,,,,,,,,,,https://hahn-vo-df1c.vercel.app/assets/products/p334/3.jpg,4,Omega Seamaster Planet Ocean 45 mm,
omega-seamaster-planet-ocean-45-mm-p334,,,,,,,,,,,,,,,,,https://hahn-vo-df1c.vercel.app/assets/products/p334/4.jpg,5,Omega Seamaster Planet Ocean 45 mm,
omega-seamaster-planet-ocean-45-mm-p334,,,,,,,,,,,,,,,,,https://hahn-vo-df1c.vercel.app/assets/products/p334/5.jpg,6,Omega Seamaster Planet Ocean 45 mm,
tag-heuer-carrera-calibre-16-p332,Tag Heuer Carrera Calibre 16,"<p>Hier präsentieren wir die Tag Heuer Carrera Chronograph aus dem Jahr 2011 im Full Set. Alle wichtigen Details auf einen Blick: Gesamtbewertung: Gut Gehäuse: Sehr gut Glas: Gut Lünette: Gut Armband: Gut Schließe: Gut Uhrwerk: Geprüft auf einwandfreies Laufverhalten, kein anstehender Service. Unsere Bilder sind unbearbeitet und zeigen jedes Detail — mehr, als das bloße Auge wahrnimmt.</p><table><tr><th align=""left"" style=""padding:4px 18px 4px 0"">Referenz</th><td>CV2010</td></tr><tr><th align=""left"" style=""padding:4px 18px 4px 0"">Baujahr</th><td>2011</td></tr><tr><th align=""left"" style=""padding:4px 18px 4px 0"">Durchmesser</th><td>41 mm</td></tr><tr><th align=""left"" style=""padding:4px 18px 4px 0"">Gehäuse</th><td>Edelstahl</td></tr><tr><th align=""left"" style=""padding:4px 18px 4px 0"">Zifferblatt</th><td>Schwarz</td></tr><tr><th align=""left"" style=""padding:4px 18px 4px 0"">Band</th><td>Edelstahl</td></tr><tr><th align=""left"" style=""padding:4px 18px 4px 0"">Lieferumfang</th><td>Full Set, Papiere, Box</td></tr><tr><th align=""left"" style=""padding:4px 18px 4px 0"">Zustand</th><td>Gut</td></tr></table><p>Jede Uhr wird vor dem Verkauf geprüft. 12 Monate Garantie auf das Werk, 14 Tage Rückgaberecht, weltweiter versicherter Versand oder persönliche Übergabe in unserem Showroom in Frankfurt.</p>",Tag Heuer,Armbanduhr,"Tag Heuer, CV2010, 2011, Gut, Full Set",TRUE,Titel,Einzelstück,TAG-HR-CRR-CLB1,shopify,1,deny,manual,1650,TRUE,TRUE,https://hahn-vo-df1c.vercel.app/assets/products/p332/0.jpg,1,Tag Heuer Carrera Calibre 16,active
tag-heuer-carrera-calibre-16-p332,,,,,,,,,,,,,,,,,https://hahn-vo-df1c.vercel.app/assets/products/p332/1.jpg,2,Tag Heuer Carrera Calibre 16,
tag-heuer-carrera-calibre-16-p332,,,,,,,,,,,,,,,,,https://hahn-vo-df1c.vercel.app/assets/products/p332/2.jpg,3,Tag Heuer Carrera Calibre 16,
tag-heuer-carrera-calibre-16-p332,,,,,,,,,,,,,,,,,https://hahn-vo-df1c.vercel.app/assets/products/p332/3.jpg,4,Tag Heuer Carrera Calibre 16,
tag-heuer-carrera-calibre-16-p332,,,,,,,,,,,,,,,,,https://hahn-vo-df1c.vercel.app/assets/products/p332/4.jpg,5,Tag Heuer Carrera Calibre 16,
tag-heuer-carrera-calibre-16-p332,,,,,,,,,,,,,,,,,https://hahn-vo-df1c.vercel.app/assets/products/p332/5.jpg,6,Tag Heuer Carrera Calibre 16,
tag-heuer-carrera-chronograph-p246,Tag Heuer Carrera Chronograph,"<p>Hier präsentieren wir die Tag Heuer Carrera. Diese Tag Heuer hatte im November 2025 eine komplette Revision erhalten. Alle wichtigen Details auf einen Blick: Gesamtbewertung: Sehr gut / gut Gehäuse: Sehr gut Glas: Sehr gut Lünette: Sehr gut (Lünette Pos. 3-4 Schlag) Armband: Sehr gut Schließe: Sehr gut Uhrwerk: Geprüft auf einwandfreies Laufverhalten, kein anstehender Service. Unsere Bilder sind unbearbeitet und zeigen jedes Detail — mehr, als das bloße Auge wahrnimmt.</p><table><tr><th align=""left"" style=""padding:4px 18px 4px 0"">Referenz</th><td>CV2010</td></tr><tr><th align=""left"" style=""padding:4px 18px 4px 0"">Baujahr</th><td>2007</td></tr><tr><th align=""left"" style=""padding:4px 18px 4px 0"">Durchmesser</th><td>41 mm</td></tr><tr><th align=""left"" style=""padding:4px 18px 4px 0"">Gehäuse</th><td>Edelstahl</td></tr><tr><th align=""left"" style=""padding:4px 18px 4px 0"">Zifferblatt</th><td>Schwarz</td></tr><tr><th align=""left"" style=""padding:4px 18px 4px 0"">Band</th><td>Edelstahl</td></tr><tr><th align=""left"" style=""padding:4px 18px 4px 0"">Lieferumfang</th><td>Full Set, Papiere, Box</td></tr></table><p>Jede Uhr wird vor dem Verkauf geprüft. 12 Monate Garantie auf das Werk, 14 Tage Rückgaberecht, weltweiter versicherter Versand oder persönliche Übergabe in unserem Showroom in Frankfurt.</p>",Tag Heuer,Armbanduhr,"Tag Heuer, CV2010, 2007, Full Set",TRUE,Titel,Einzelstück,TAG-HR-CRR-CHR1,shopify,1,deny,manual,1890,TRUE,TRUE,https://hahn-vo-df1c.vercel.app/assets/products/p246/0.jpg,1,Tag Heuer Carrera Chronograph,active
tag-heuer-carrera-chronograph-p246,,,,,,,,,,,,,,,,,https://hahn-vo-df1c.vercel.app/assets/products/p246/1.jpg,2,Tag Heuer Carrera Chronograph,
tag-heuer-carrera-chronograph-p246,,,,,,,,,,,,,,,,,https://hahn-vo-df1c.vercel.app/assets/products/p246/2.jpg,3,Tag Heuer Carrera Chronograph,
tag-heuer-carrera-chronograph-p246,,,,,,,,,,,,,,,,,https://hahn-vo-df1c.vercel.app/assets/products/p246/3.jpg,4,Tag Heuer Carrera Chronograph,
tag-heuer-carrera-chronograph-p246,,,,,,,,,,,,,,,,,https://hahn-vo-df1c.vercel.app/assets/products/p246/4.jpg,5,Tag Heuer Carrera Chronograph,
tag-heuer-carrera-chronograph-p246,,,,,,,,,,,,,,,,,https://hahn-vo-df1c.vercel.app/assets/products/p246/5.jpg,6,Tag Heuer Carrera Chronograph,
nomos-club-neomatik-175-years-weltzeit-p304,Nomos Club Neomatik „175 Years“ Weltzeit,"<p>Hier präsentieren wir die Nomos Club Sport 40 neomatik Weltzeit Roam aus dem Jahr 2025 im Full Set. Alle wichtigen Details auf einen Blick: - Gesamtbewertung: Sehr gut (99% wie neu) - Gehäuse: Sehr gut - Glas: Sehr gut - Lünette: Sehr gut - Armband: Sehr gut - Schließe: Sehr gut - Uhrwerk: Geprüft auf einwandfreies Laufverhalten, kein anstehender Service. Unsere Bilder sind unbearbeitet und zeigen jedes Detail — mehr, als das bloße Auge wahrnimmt.</p><table><tr><th align=""left"" style=""padding:4px 18px 4px 0"">Baujahr</th><td>2025</td></tr><tr><th align=""left"" style=""padding:4px 18px 4px 0"">Gehäuse</th><td>Edelstahl -</td></tr><tr><th align=""left"" style=""padding:4px 18px 4px 0"">Zifferblatt</th><td>Champagner -</td></tr><tr><th align=""left"" style=""padding:4px 18px 4px 0"">Band</th><td>Leder -</td></tr><tr><th align=""left"" style=""padding:4px 18px 4px 0"">Lieferumfang</th><td>Full Set, Papiere, Box</td></tr></table><p>Jede Uhr wird vor dem Verkauf geprüft. 12 Monate Garantie auf das Werk, 14 Tage Rückgaberecht, weltweiter versicherter Versand oder persönliche Übergabe in unserem Showroom in Frankfurt.</p>",Nomos,Armbanduhr,"Nomos, 2025, Full Set",TRUE,Titel,Einzelstück,NMS-CLB-NMT-WLT,shopify,1,deny,manual,4990,TRUE,TRUE,https://hahn-vo-df1c.vercel.app/assets/products/p304/0.jpg,1,Nomos Club Neomatik „175 Years“ Weltzeit,active
nomos-club-neomatik-175-years-weltzeit-p304,,,,,,,,,,,,,,,,,https://hahn-vo-df1c.vercel.app/assets/products/p304/1.jpg,2,Nomos Club Neomatik „175 Years“ Weltzeit,
nomos-club-neomatik-175-years-weltzeit-p304,,,,,,,,,,,,,,,,,https://hahn-vo-df1c.vercel.app/assets/products/p304/2.jpg,3,Nomos Club Neomatik „175 Years“ Weltzeit,
nomos-club-neomatik-175-years-weltzeit-p304,,,,,,,,,,,,,,,,,https://hahn-vo-df1c.vercel.app/assets/products/p304/3.jpg,4,Nomos Club Neomatik „175 Years“ Weltzeit,
nomos-club-neomatik-175-years-weltzeit-p304,,,,,,,,,,,,,,,,,https://hahn-vo-df1c.vercel.app/assets/products/p304/4.jpg,5,Nomos Club Neomatik „175 Years“ Weltzeit,
nomos-club-neomatik-175-years-weltzeit-p304,,,,,,,,,,,,,,,,,https://hahn-vo-df1c.vercel.app/assets/products/p304/5.jpg,6,Nomos Club Neomatik „175 Years“ Weltzeit,
tag-heuer-carrera-chronograph-p298,Tag Heuer Carrera Chronograph,"<p>Hier präsentieren wir die Tag Heuer Carrera Chronograph aus dem Jahr 2008 im Full Set. Alle wichtigen Details auf einen Blick: - Gesamtbewertung: Gut - Gehäuse: Sehr gut - Glas: Vorne (Sehr gut)/ Hinten Kratzer auf den Saphirglasboden - Lünette: Auffällig (siehe Bilder) - Armband: Sehr gut - Schließe: Sehr gut - Uhrwerk: Geprüft auf einwandfreies Laufverhalten, kein anstehender Service. Unsere Bilder sind unbearbeitet und zeigen jedes Detail — mehr, als das bloße Auge wahrnimmt.</p><table><tr><th align=""left"" style=""padding:4px 18px 4px 0"">Referenz</th><td>CV2010</td></tr><tr><th align=""left"" style=""padding:4px 18px 4px 0"">Baujahr</th><td>2008</td></tr><tr><th align=""left"" style=""padding:4px 18px 4px 0"">Durchmesser</th><td>41 mm</td></tr><tr><th align=""left"" style=""padding:4px 18px 4px 0"">Gehäuse</th><td>Edelstahl -</td></tr><tr><th align=""left"" style=""padding:4px 18px 4px 0"">Zifferblatt</th><td>Schwarz -</td></tr><tr><th align=""left"" style=""padding:4px 18px 4px 0"">Band</th><td>Edelstahl -</td></tr><tr><th align=""left"" style=""padding:4px 18px 4px 0"">Lieferumfang</th><td>Full Set, Papiere, Box</td></tr><tr><th align=""left"" style=""padding:4px 18px 4px 0"">Zustand</th><td>Gut -</td></tr></table><p>Jede Uhr wird vor dem Verkauf geprüft. 12 Monate Garantie auf das Werk, 14 Tage Rückgaberecht, weltweiter versicherter Versand oder persönliche Übergabe in unserem Showroom in Frankfurt.</p>",Tag Heuer,Armbanduhr,"Tag Heuer, CV2010, 2008, Gut -, Full Set",TRUE,Titel,Einzelstück,TAG-HR-CRR-CHR,shopify,1,deny,manual,1590,TRUE,TRUE,https://hahn-vo-df1c.vercel.app/assets/products/p298/0.jpg,1,Tag Heuer Carrera Chronograph,active
tag-heuer-carrera-chronograph-p298,,,,,,,,,,,,,,,,,https://hahn-vo-df1c.vercel.app/assets/products/p298/1.jpg,2,Tag Heuer Carrera Chronograph,
tag-heuer-carrera-chronograph-p298,,,,,,,,,,,,,,,,,https://hahn-vo-df1c.vercel.app/assets/products/p298/2.jpg,3,Tag Heuer Carrera Chronograph,
tag-heuer-carrera-chronograph-p298,,,,,,,,,,,,,,,,,https://hahn-vo-df1c.vercel.app/assets/products/p298/3.jpg,4,Tag Heuer Carrera Chronograph,
tag-heuer-carrera-chronograph-p298,,,,,,,,,,,,,,,,,https://hahn-vo-df1c.vercel.app/assets/products/p298/4.jpg,5,Tag Heuer Carrera Chronograph,
tag-heuer-carrera-chronograph-p298,,,,,,,,,,,,,,,,,https://hahn-vo-df1c.vercel.app/assets/products/p298/5.jpg,6,Tag Heuer Carrera Chronograph,
hublot-faltschliesse-18-k-rotgold-20-mm-p300,Hublot Faltschließe 18 K Rotgold · 20 mm,"<p>Wir bieten hier eine originale Hublot Faltschließe aus 18k Rotgold an. Bandanstoß: 20 mm. Bei weiteren Fragen stehen wir jederzeit zur Verfügung.</p><table><tr><th align=""left"" style=""padding:4px 18px 4px 0"">Durchmesser</th><td>20 mm</td></tr></table><p>Jede Uhr wird vor dem Verkauf geprüft. 12 Monate Garantie auf das Werk, 14 Tage Rückgaberecht, weltweiter versicherter Versand oder persönliche Übergabe in unserem Showroom in Frankfurt.</p>",Hublot,Zubehör,Hublot,TRUE,Titel,Einzelstück,XN-HBL-FLT-AUS,shopify,1,deny,manual,2290,TRUE,TRUE,https://hahn-vo-df1c.vercel.app/assets/products/p300/0.jpg,1,Hublot Faltschließe 18 K Rotgold · 20 mm,active
hublot-faltschliesse-18-k-rotgold-20-mm-p300,,,,,,,,,,,,,,,,,https://hahn-vo-df1c.vercel.app/assets/products/p300/1.jpg,2,Hublot Faltschließe 18 K Rotgold · 20 mm,
hublot-faltschliesse-18-k-rotgold-20-mm-p300,,,,,,,,,,,,,,,,,https://hahn-vo-df1c.vercel.app/assets/products/p300/2.jpg,3,Hublot Faltschließe 18 K Rotgold · 20 mm,
iwc-fliegerchronograph-automatik-zb-schwarz-p292,IWC Fliegerchronograph Automatik ZB Schwarz,"<p>Hier präsentieren wir eine wahre Ikone von IWC Schaffhausen — den IWC Flieger Chronograph. Alle wichtigen Details auf einen Blick: Gesamtbewertung: Gut Gehäuse: Gut Glas: Sehr gut Lünette: Gut Armband: Gut Schließe: Sehr gut Uhrwerk: Geprüft auf einwandfreies Laufverhalten, kein anstehender Service. Unsere Bilder sind unbearbeitet und zeigen jedes Detail — mehr, als das bloße Auge wahrnimmt.</p><table><tr><th align=""left"" style=""padding:4px 18px 4px 0"">Referenz</th><td>IW377701</td></tr><tr><th align=""left"" style=""padding:4px 18px 4px 0"">Baujahr</th><td>2014</td></tr><tr><th align=""left"" style=""padding:4px 18px 4px 0"">Durchmesser</th><td>43 mm</td></tr><tr><th align=""left"" style=""padding:4px 18px 4px 0"">Gehäuse</th><td>Edelstahl</td></tr><tr><th align=""left"" style=""padding:4px 18px 4px 0"">Zifferblatt</th><td>Schwarz</td></tr><tr><th align=""left"" style=""padding:4px 18px 4px 0"">Band</th><td>Edelstahl</td></tr><tr><th align=""left"" style=""padding:4px 18px 4px 0"">Zustand</th><td>Gut</td></tr></table><p>Jede Uhr wird vor dem Verkauf geprüft. 12 Monate Garantie auf das Werk, 14 Tage Rückgaberecht, weltweiter versicherter Versand oder persönliche Übergabe in unserem Showroom in Frankfurt.</p>",IWC,Armbanduhr,"IWC, IW377701, 2014, Gut",TRUE,Titel,Einzelstück,IWC-FLG-W37-TMT,shopify,1,deny,manual,3290,TRUE,TRUE,https://hahn-vo-df1c.vercel.app/assets/products/p292/0.jpg,1,IWC Fliegerchronograph Automatik ZB Schwarz,active
iwc-fliegerchronograph-automatik-zb-schwarz-p292,,,,,,,,,,,,,,,,,https://hahn-vo-df1c.vercel.app/assets/products/p292/1.jpg,2,IWC Fliegerchronograph Automatik ZB Schwarz,
iwc-fliegerchronograph-automatik-zb-schwarz-p292,,,,,,,,,,,,,,,,,https://hahn-vo-df1c.vercel.app/assets/products/p292/2.jpg,3,IWC Fliegerchronograph Automatik ZB Schwarz,
iwc-fliegerchronograph-automatik-zb-schwarz-p292,,,,,,,,,,,,,,,,,https://hahn-vo-df1c.vercel.app/assets/products/p292/3.jpg,4,IWC Fliegerchronograph Automatik ZB Schwarz,
iwc-fliegerchronograph-automatik-zb-schwarz-p292,,,,,,,,,,,,,,,,,https://hahn-vo-df1c.vercel.app/assets/products/p292/4.jpg,5,IWC Fliegerchronograph Automatik ZB Schwarz,
omega-seamaster-planet-ocean-43-5-mm-p283,"Omega Seamaster Planet Ocean 43,5 mm","<p>Hier präsentieren wir Omega Planet Ocean im Full Set. Alle wichtigen Details auf einen Blick: Gesamtbewertung: Sehr gut Gehäuse: Sehr gut Glas: Gut Lünette: Sehr gut Armband: Sehr gut Schließe: Sehr gut Uhrwerk: Geprüft auf einwandfreies Laufverhalten, kein anstehender Service. Unsere Bilder sind unbearbeitet und zeigen jedes Detail — mehr, als das bloße Auge wahrnimmt.</p><table><tr><th align=""left"" style=""padding:4px 18px 4px 0"">Referenz</th><td>215.30.44.21.03.001</td></tr><tr><th align=""left"" style=""padding:4px 18px 4px 0"">Baujahr</th><td>2018</td></tr><tr><th align=""left"" style=""padding:4px 18px 4px 0"">Durchmesser</th><td>43,5 mm</td></tr><tr><th align=""left"" style=""padding:4px 18px 4px 0"">Gehäuse</th><td>Edelstahl</td></tr><tr><th align=""left"" style=""padding:4px 18px 4px 0"">Zifferblatt</th><td>Blau</td></tr><tr><th align=""left"" style=""padding:4px 18px 4px 0"">Band</th><td>Edelstahl</td></tr><tr><th align=""left"" style=""padding:4px 18px 4px 0"">Lieferumfang</th><td>Full Set, Papiere, Box</td></tr><tr><th align=""left"" style=""padding:4px 18px 4px 0"">Zustand</th><td>Sehr gut</td></tr></table><p>Jede Uhr wird vor dem Verkauf geprüft. 12 Monate Garantie auf das Werk, 14 Tage Rückgaberecht, weltweiter versicherter Versand oder persönliche Übergabe in unserem Showroom in Frankfurt.</p>",Omega,Armbanduhr,"Omega, 215.30.44.21.03.001, 2018, Sehr gut, Full Set",TRUE,Titel,Einzelstück,MG-PLN-CN-43,shopify,1,deny,manual,4190,TRUE,TRUE,https://hahn-vo-df1c.vercel.app/assets/products/p283/0.jpg,1,"Omega Seamaster Planet Ocean 43,5 mm",active
omega-seamaster-planet-ocean-43-5-mm-p283,,,,,,,,,,,,,,,,,https://hahn-vo-df1c.vercel.app/assets/products/p283/1.jpg,2,"Omega Seamaster Planet Ocean 43,5 mm",
omega-seamaster-planet-ocean-43-5-mm-p283,,,,,,,,,,,,,,,,,https://hahn-vo-df1c.vercel.app/assets/products/p283/2.jpg,3,"Omega Seamaster Planet Ocean 43,5 mm",
omega-seamaster-planet-ocean-43-5-mm-p283,,,,,,,,,,,,,,,,,https://hahn-vo-df1c.vercel.app/assets/products/p283/3.jpg,4,"Omega Seamaster Planet Ocean 43,5 mm",
omega-seamaster-planet-ocean-43-5-mm-p283,,,,,,,,,,,,,,,,,https://hahn-vo-df1c.vercel.app/assets/products/p283/4.jpg,5,"Omega Seamaster Planet Ocean 43,5 mm",
omega-seamaster-planet-ocean-43-5-mm-p283,,,,,,,,,,,,,,,,,https://hahn-vo-df1c.vercel.app/assets/products/p283/5.jpg,6,"Omega Seamaster Planet Ocean 43,5 mm",
tag-heuer-carrera-gmt-big-date-p263,Tag Heuer Carrera GMT Big Date,"<p>Hier präsentieren wir den Tag Heuer Carrera GMT Big Date. Diese Tag Heuer hatte im November 2025 eine komplette Revision erhalten. Alle wichtigen Details auf einen Blick: Gesamtbewertung: Sehr gut Gehäuse: Sehr gut Glas: Sehr gut Lünette: Sehr gut Armband: Sehr gut Schließe: Sehr gut Uhrwerk: Geprüft auf einwandfreies Laufverhalten, kein anstehender Service. Unsere Bilder sind unbearbeitet und zeigen jedes Detail — mehr, als das bloße Auge wahrnimmt.</p><table><tr><th align=""left"" style=""padding:4px 18px 4px 0"">Referenz</th><td>WAR201Z</td></tr><tr><th align=""left"" style=""padding:4px 18px 4px 0"">Gehäuse</th><td>Edelstahl</td></tr><tr><th align=""left"" style=""padding:4px 18px 4px 0"">Zifferblatt</th><td>Grau</td></tr><tr><th align=""left"" style=""padding:4px 18px 4px 0"">Band</th><td>Edelstahl</td></tr><tr><th align=""left"" style=""padding:4px 18px 4px 0"">Zustand</th><td>Sehr gut</td></tr></table><p>Jede Uhr wird vor dem Verkauf geprüft. 12 Monate Garantie auf das Werk, 14 Tage Rückgaberecht, weltweiter versicherter Versand oder persönliche Übergabe in unserem Showroom in Frankfurt.</p>",Tag Heuer,Armbanduhr,"Tag Heuer, WAR201Z, Sehr gut",TRUE,Titel,Einzelstück,TAG-HR-CRR-GMT,shopify,1,deny,manual,1890,TRUE,TRUE,https://hahn-vo-df1c.vercel.app/assets/products/p263/0.jpg,1,Tag Heuer Carrera GMT Big Date,active
tag-heuer-carrera-gmt-big-date-p263,,,,,,,,,,,,,,,,,https://hahn-vo-df1c.vercel.app/assets/products/p263/1.jpg,2,Tag Heuer Carrera GMT Big Date,
tag-heuer-carrera-gmt-big-date-p263,,,,,,,,,,,,,,,,,https://hahn-vo-df1c.vercel.app/assets/products/p263/2.jpg,3,Tag Heuer Carrera GMT Big Date,
tag-heuer-carrera-gmt-big-date-p263,,,,,,,,,,,,,,,,,https://hahn-vo-df1c.vercel.app/assets/products/p263/3.jpg,4,Tag Heuer Carrera GMT Big Date,
tag-heuer-carrera-gmt-big-date-p263,,,,,,,,,,,,,,,,,https://hahn-vo-df1c.vercel.app/assets/products/p263/4.jpg,5,Tag Heuer Carrera GMT Big Date,
tag-heuer-carrera-gmt-big-date-p263,,,,,,,,,,,,,,,,,https://hahn-vo-df1c.vercel.app/assets/products/p263/5.jpg,6,Tag Heuer Carrera GMT Big Date,
omega-seamaster-planet-ocean-p223,Omega Seamaster Planet Ocean,"<p>Hier präsentieren wir die Omega Planet Ocean 42 mit orange Akzenten. Alle wichtigen Details auf einen Blick: Gesamtbewertung: Gut Gehäuse: Sehr gut Glas: Gut (Mikrokratzer, siehe Bilder) Lünette: In Ordnung (leichte Kratzer auf der Pos., 3-5 siehe Bilder) Armband: Sehr gut Schließe: Sehr gut Uhrwerk: Geprüft auf einwandfreies Laufverhalten, kein anstehender Service. Unsere Bilder sind unbearbeitet und zeigen jedes Detail — mehr, als das bloße Auge wahrnimmt.</p><table><tr><th align=""left"" style=""padding:4px 18px 4px 0"">Referenz</th><td>2201.51.00</td></tr><tr><th align=""left"" style=""padding:4px 18px 4px 0"">Baujahr</th><td>2009</td></tr><tr><th align=""left"" style=""padding:4px 18px 4px 0"">Durchmesser</th><td>42 mm</td></tr><tr><th align=""left"" style=""padding:4px 18px 4px 0"">Gehäuse</th><td>Edelstahl</td></tr><tr><th align=""left"" style=""padding:4px 18px 4px 0"">Zifferblatt</th><td>Schwarz</td></tr><tr><th align=""left"" style=""padding:4px 18px 4px 0"">Band</th><td>Edelstahl</td></tr><tr><th align=""left"" style=""padding:4px 18px 4px 0"">Lieferumfang</th><td>Full Set, Papiere, Box</td></tr><tr><th align=""left"" style=""padding:4px 18px 4px 0"">Zustand</th><td>Gut</td></tr></table><p>Jede Uhr wird vor dem Verkauf geprüft. 12 Monate Garantie auf das Werk, 14 Tage Rückgaberecht, weltweiter versicherter Versand oder persönliche Übergabe in unserem Showroom in Frankfurt.</p>",Omega,Armbanduhr,"Omega, 2201.51.00, 2009, Gut, Full Set",TRUE,Titel,Einzelstück,MG-PLN-CN-REF,shopify,1,deny,manual,3390,TRUE,TRUE,https://hahn-vo-df1c.vercel.app/assets/products/p223/0.jpg,1,Omega Seamaster Planet Ocean,active
omega-seamaster-planet-ocean-p223,,,,,,,,,,,,,,,,,https://hahn-vo-df1c.vercel.app/assets/products/p223/1.jpg,2,Omega Seamaster Planet Ocean,
omega-seamaster-planet-ocean-p223,,,,,,,,,,,,,,,,,https://hahn-vo-df1c.vercel.app/assets/products/p223/2.jpg,3,Omega Seamaster Planet Ocean,
omega-seamaster-planet-ocean-p223,,,,,,,,,,,,,,,,,https://hahn-vo-df1c.vercel.app/assets/products/p223/3.jpg,4,Omega Seamaster Planet Ocean,
omega-seamaster-planet-ocean-p223,,,,,,,,,,,,,,,,,https://hahn-vo-df1c.vercel.app/assets/products/p223/4.jpg,5,Omega Seamaster Planet Ocean,
omega-seamaster-planet-ocean-p223,,,,,,,,,,,,,,,,,https://hahn-vo-df1c.vercel.app/assets/products/p223/5.jpg,6,Omega Seamaster Planet Ocean,
bvlgari-octo-finissimo-chronograph-gmt-p185,Bvlgari Octo Finissimo Chronograph GMT,"<p>Hier präsentieren wir die Bulgari Octo Finissimo Chronograph GMT aus dem Jahr 2022 im Full Set. Die Octo Finissimo Chronograph GMT bietet die perfekte Mischung aus technischer Raffinesse und ästhetischer Eleganz. Als flachste Automatikuhr der Welt, die mit Chronograph und GMT-Funktion ausgestattet ist.</p><table><tr><th align=""left"" style=""padding:4px 18px 4px 0"">Baujahr</th><td>2022</td></tr><tr><th align=""left"" style=""padding:4px 18px 4px 0"">Durchmesser</th><td>42 mm</td></tr><tr><th align=""left"" style=""padding:4px 18px 4px 0"">Gehäuse</th><td>Titan</td></tr><tr><th align=""left"" style=""padding:4px 18px 4px 0"">Zifferblatt</th><td>Grau</td></tr><tr><th align=""left"" style=""padding:4px 18px 4px 0"">Band</th><td>Titan</td></tr><tr><th align=""left"" style=""padding:4px 18px 4px 0"">Lieferumfang</th><td>Full Set, Papiere, Box</td></tr><tr><th align=""left"" style=""padding:4px 18px 4px 0"">Zustand</th><td>Sehr gut</td></tr></table><p>Jede Uhr wird vor dem Verkauf geprüft. 12 Monate Garantie auf das Werk, 14 Tage Rückgaberecht, weltweiter versicherter Versand oder persönliche Übergabe in unserem Showroom in Frankfurt.</p>",Bvlgari,Armbanduhr,"Bvlgari, 2022, Sehr gut, Full Set",TRUE,Titel,Einzelstück,BVL-CT-FNS-CHR,shopify,1,deny,manual,11990,TRUE,TRUE,https://hahn-vo-df1c.vercel.app/assets/products/p185/3.jpg,1,Bvlgari Octo Finissimo Chronograph GMT,active
bvlgari-octo-finissimo-chronograph-gmt-p185,,,,,,,,,,,,,,,,,https://hahn-vo-df1c.vercel.app/assets/products/p185/2.jpg,2,Bvlgari Octo Finissimo Chronograph GMT,
bvlgari-octo-finissimo-chronograph-gmt-p185,,,,,,,,,,,,,,,,,https://hahn-vo-df1c.vercel.app/assets/products/p185/0.jpg,3,Bvlgari Octo Finissimo Chronograph GMT,
bvlgari-octo-finissimo-chronograph-gmt-p185,,,,,,,,,,,,,,,,,https://hahn-vo-df1c.vercel.app/assets/products/p185/1.jpg,4,Bvlgari Octo Finissimo Chronograph GMT,
bvlgari-octo-finissimo-chronograph-gmt-p185,,,,,,,,,,,,,,,,,https://hahn-vo-df1c.vercel.app/assets/products/p185/4.jpg,5,Bvlgari Octo Finissimo Chronograph GMT,
bvlgari-octo-finissimo-chronograph-gmt-p185,,,,,,,,,,,,,,,,,https://hahn-vo-df1c.vercel.app/assets/products/p185/5.jpg,6,Bvlgari Octo Finissimo Chronograph GMT,
montblanc-timewalker-43-mm-p180,Montblanc TimeWalker 43 mm,"<p>Hier präsentieren wir die Montblanc Timewalker aus dem Jahr 2017 im Full Set. Alle wichtigen Details auf einen Blick: - Gesamtbewertung: Sehr gut - Gehäuse: Sehr gut - Glas: Sehr gut - Lünette: Sehr gut - Armband: Sehr gut - Schließe: Sehr gut - Uhrwerk: Geprüft auf einwandfreies Laufverhalten, kein anstehender Service. Unsere Bilder sind unbearbeitet und zeigen jedes Detail — mehr, als das bloße Auge wahrnimmt.</p><table><tr><th align=""left"" style=""padding:4px 18px 4px 0"">Referenz</th><td>118488</td></tr><tr><th align=""left"" style=""padding:4px 18px 4px 0"">Baujahr</th><td>2017</td></tr><tr><th align=""left"" style=""padding:4px 18px 4px 0"">Durchmesser</th><td>43 mm</td></tr><tr><th align=""left"" style=""padding:4px 18px 4px 0"">Gehäuse</th><td>Edelstahl -</td></tr><tr><th align=""left"" style=""padding:4px 18px 4px 0"">Zifferblatt</th><td>Silber -</td></tr><tr><th align=""left"" style=""padding:4px 18px 4px 0"">Band</th><td>Edelstahl -</td></tr><tr><th align=""left"" style=""padding:4px 18px 4px 0"">Lieferumfang</th><td>Full Set, Papiere, Box</td></tr><tr><th align=""left"" style=""padding:4px 18px 4px 0"">Zustand</th><td>Sehr gut -</td></tr></table><p>Jede Uhr wird vor dem Verkauf geprüft. 12 Monate Garantie auf das Werk, 14 Tage Rückgaberecht, weltweiter versicherter Versand oder persönliche Übergabe in unserem Showroom in Frankfurt.</p>",Montblanc,Armbanduhr,"Montblanc, 118488, 2017, Sehr gut -, Full Set",TRUE,Titel,Einzelstück,MNT-TMW-43M-REF,shopify,1,deny,manual,2090,TRUE,TRUE,https://hahn-vo-df1c.vercel.app/assets/products/p180/0.jpg,1,Montblanc TimeWalker 43 mm,active
montblanc-timewalker-43-mm-p180,,,,,,,,,,,,,,,,,https://hahn-vo-df1c.vercel.app/assets/products/p180/1.jpg,2,Montblanc TimeWalker 43 mm,
montblanc-timewalker-43-mm-p180,,,,,,,,,,,,,,,,,https://hahn-vo-df1c.vercel.app/assets/products/p180/2.jpg,3,Montblanc TimeWalker 43 mm,
montblanc-timewalker-43-mm-p180,,,,,,,,,,,,,,,,,https://hahn-vo-df1c.vercel.app/assets/products/p180/3.jpg,4,Montblanc TimeWalker 43 mm,
montblanc-timewalker-43-mm-p180,,,,,,,,,,,,,,,,,https://hahn-vo-df1c.vercel.app/assets/products/p180/4.jpg,5,Montblanc TimeWalker 43 mm,
montblanc-timewalker-43-mm-p180,,,,,,,,,,,,,,,,,https://hahn-vo-df1c.vercel.app/assets/products/p180/5.jpg,6,Montblanc TimeWalker 43 mm,
